id,x,y,z,region,family,speed,ref_reachable,ref_temporal,ref_best,triad_completePlans,triad_admissible,triad_committed,triad_completed,triad_outcome,classification
H001,0.5,-0.3,0.35,interior,minus_x,0.08,yes,yes,"{'lead': 8.0, 'err': 0.00944, 'tmin': 1.723, 'temporal': True, 'margin': 4.877}",78,3,True,True,A_PLAN_FOUND_AND_COMPLETED,R1_REFERENCE_FEASIBLE_TRIAD_SUCCESS
H002,0.5,-0.3,0.35,interior,plus_y,0.08,yes,yes,"{'lead': 8.0, 'err': 0.00504, 'tmin': 1.495, 'temporal': True, 'margin': 5.105}",26,25,True,False,B_PLAN_FOUND_BUT_EXECUTION_FAILED,R5_REFERENCE_FEASIBLE_TRIAD_EXECUTION_FAIL
H003,0.5,-0.3,0.35,interior,minus_y,0.08,yes,yes,"{'lead': 7.2, 'err': 0.00833, 'tmin': 1.1, 'temporal': True, 'margin': 4.7}",179,0,False,False,D_NO_TIMING_ADMISSIBLE_PLAN,R3_REFERENCE_FEASIBLE_TRIAD_TIMING_REJECT
H004,0.5,-0.3,0.35,interior,diag_xz,0.08,yes,yes,"{'lead': 8.0, 'err': 0.00488, 'tmin': 0.96, 'temporal': True, 'margin': 5.64}",115,17,True,True,A_PLAN_FOUND_AND_COMPLETED,R1_REFERENCE_FEASIBLE_TRIAD_SUCCESS
H005,0.5,0.0,0.35,interior,minus_x,0.08,yes,yes,"{'lead': 8.0, 'err': 0.00689, 'tmin': 1.834, 'temporal': True, 'margin': 4.766}",28,0,False,False,D_NO_TIMING_ADMISSIBLE_PLAN,R3_REFERENCE_FEASIBLE_TRIAD_TIMING_REJECT
H006,0.5,0.0,0.35,interior,plus_y,0.08,yes,yes,"{'lead': 8.0, 'err': 0.00487, 'tmin': 1.653, 'temporal': True, 'margin': 4.947}",192,147,True,True,A_PLAN_FOUND_AND_COMPLETED,R1_REFERENCE_FEASIBLE_TRIAD_SUCCESS
H007,0.5,0.0,0.35,interior,minus_y,0.08,yes,yes,"{'lead': 8.0, 'err': 0.00412, 'tmin': 1.895, 'temporal': True, 'margin': 4.705}",311,194,True,True,A_PLAN_FOUND_AND_COMPLETED,R1_REFERENCE_FEASIBLE_TRIAD_SUCCESS
H008,0.5,0.0,0.35,interior,diag_xz,0.08,yes,yes,"{'lead': 8.0, 'err': 0.00483, 'tmin': 1.068, 'temporal': True, 'margin': 5.532}",66,0,False,False,D_NO_TIMING_ADMISSIBLE_PLAN,R3_REFERENCE_FEASIBLE_TRIAD_TIMING_REJECT
H009,0.5,0.3,0.35,interior,minus_x,0.08,yes,yes,"{'lead': 8.0, 'err': 0.00461, 'tmin': 1.708, 'temporal': True, 'margin': 4.892}",8,6,True,True,A_PLAN_FOUND_AND_COMPLETED,R1_REFERENCE_FEASIBLE_TRIAD_SUCCESS
H010,0.5,0.3,0.35,interior,plus_y,0.08,yes,yes,"{'lead': 7.0, 'err': 0.00886, 'tmin': 1.444, 'temporal': True, 'margin': 4.156}",229,69,True,True,A_PLAN_FOUND_AND_COMPLETED,R1_REFERENCE_FEASIBLE_TRIAD_SUCCESS
H011,0.5,0.3,0.35,interior,minus_y,0.08,yes,yes,"{'lead': 8.0, 'err': 0.00723, 'tmin': 1.486, 'temporal': True, 'margin': 5.114}",38,32,True,True,A_PLAN_FOUND_AND_COMPLETED,R1_REFERENCE_FEASIBLE_TRIAD_SUCCESS
H012,0.5,0.3,0.35,interior,diag_xz,0.08,yes,yes,"{'lead': 8.0, 'err': 0.00616, 'tmin': 1.256, 'temporal': True, 'margin': 5.344}",91,3,True,True,A_PLAN_FOUND_AND_COMPLETED,R1_REFERENCE_FEASIBLE_TRIAD_SUCCESS
H013,0.65,-0.3,0.35,interior,minus_x,0.08,yes,yes,"{'lead': 8.0, 'err': 0.00861, 'tmin': 1.541, 'temporal': True, 'margin': 5.059}",140,11,True,True,A_PLAN_FOUND_AND_COMPLETED,R1_REFERENCE_FEASIBLE_TRIAD_SUCCESS
H014,0.65,-0.3,0.35,interior,plus_y,0.08,yes,yes,"{'lead': 8.0, 'err': 0.00482, 'tmin': 1.29, 'temporal': True, 'margin': 5.31}",14,9,True,True,A_PLAN_FOUND_AND_COMPLETED,R1_REFERENCE_FEASIBLE_TRIAD_SUCCESS
H015,0.65,-0.3,0.35,interior,minus_y,0.08,yes,yes,"{'lead': 5.8, 'err': 0.00568, 'tmin': 1.012, 'temporal': True, 'margin': 3.388}",211,0,False,False,D_NO_TIMING_ADMISSIBLE_PLAN,R3_REFERENCE_FEASIBLE_TRIAD_TIMING_REJECT
H016,0.65,-0.3,0.35,interior,diag_xz,0.08,yes,yes,"{'lead': 8.0, 'err': 0.00946, 'tmin': 0.916, 'temporal': True, 'margin': 5.684}",196,41,True,True,A_PLAN_FOUND_AND_COMPLETED,R1_REFERENCE_FEASIBLE_TRIAD_SUCCESS
H017,0.65,0.0,0.35,interior,minus_x,0.08,yes,yes,"{'lead': 8.0, 'err': 0.00655, 'tmin': 1.704, 'temporal': True, 'margin': 4.896}",14,0,False,False,D_NO_TIMING_ADMISSIBLE_PLAN,R3_REFERENCE_FEASIBLE_TRIAD_TIMING_REJECT
H018,0.65,0.0,0.35,interior,plus_y,0.08,yes,yes,"{'lead': 7.9, 'err': 0.00553, 'tmin': 1.465, 'temporal': True, 'margin': 5.035}",190,165,True,True,A_PLAN_FOUND_AND_COMPLETED,R1_REFERENCE_FEASIBLE_TRIAD_SUCCESS
H019,0.65,0.0,0.35,interior,minus_y,0.08,yes,yes,"{'lead': 7.8, 'err': 0.00453, 'tmin': 1.767, 'temporal': True, 'margin': 4.633}",298,240,True,True,A_PLAN_FOUND_AND_COMPLETED,R1_REFERENCE_FEASIBLE_TRIAD_SUCCESS
H020,0.65,0.0,0.35,interior,diag_xz,0.08,yes,yes,"{'lead': 8.0, 'err': 0.00794, 'tmin': 1.075, 'temporal': True, 'margin': 5.525}",356,0,False,False,D_NO_TIMING_ADMISSIBLE_PLAN,R3_REFERENCE_FEASIBLE_TRIAD_TIMING_REJECT
H021,0.65,0.3,0.35,interior,minus_x,0.08,yes,yes,"{'lead': 8.0, 'err': 0.00894, 'tmin': 1.577, 'temporal': True, 'margin': 5.023}",101,0,False,False,D_NO_TIMING_ADMISSIBLE_PLAN,R3_REFERENCE_FEASIBLE_TRIAD_TIMING_REJECT
H022,0.65,0.3,0.35,interior,plus_y,0.08,yes,yes,"{'lead': 6.0, 'err': 0.00834, 'tmin': 1.174, 'temporal': True, 'margin': 3.426}",231,23,True,True,A_PLAN_FOUND_AND_COMPLETED,R1_REFERENCE_FEASIBLE_TRIAD_SUCCESS
H023,0.65,0.3,0.35,interior,minus_y,0.08,yes,yes,"{'lead': 8.0, 'err': 0.0069, 'tmin': 1.305, 'temporal': True, 'margin': 5.295}",34,34,True,True,A_PLAN_FOUND_AND_COMPLETED,R1_REFERENCE_FEASIBLE_TRIAD_SUCCESS
H024,0.65,0.3,0.35,interior,diag_xz,0.08,yes,yes,"{'lead': 8.0, 'err': 0.00964, 'tmin': 1.298, 'temporal': True, 'margin': 5.302}",331,0,False,False,D_NO_TIMING_ADMISSIBLE_PLAN,R3_REFERENCE_FEASIBLE_TRIAD_TIMING_REJECT
H025,0.6,-0.2,0.2,height_sweep,minus_x,0.08,yes,yes,"{'lead': 8.0, 'err': 0.00738, 'tmin': 1.8, 'temporal': True, 'margin': 4.8}",43,0,False,False,D_NO_TIMING_ADMISSIBLE_PLAN,R3_REFERENCE_FEASIBLE_TRIAD_TIMING_REJECT
H026,0.6,-0.2,0.2,height_sweep,plus_y,0.08,yes,yes,"{'lead': 7.9, 'err': 0.00911, 'tmin': 1.24, 'temporal': True, 'margin': 5.26}",548,9,False,False,E_COMMIT_FRESHNESS_REJECTED,R4_REFERENCE_FEASIBLE_TRIAD_FRESHNESS_REJECT
H027,0.6,-0.2,0.2,height_sweep,diag_xz,0.08,yes,yes,"{'lead': 8.0, 'err': 0.00813, 'tmin': 1.448, 'temporal': True, 'margin': 5.152}",5,0,False,False,D_NO_TIMING_ADMISSIBLE_PLAN,R3_REFERENCE_FEASIBLE_TRIAD_TIMING_REJECT
H028,0.6,-0.2,0.35,height_sweep,minus_x,0.08,yes,yes,"{'lead': 8.0, 'err': 0.0062, 'tmin': 1.59, 'temporal': True, 'margin': 5.01}",3,0,False,False,D_NO_TIMING_ADMISSIBLE_PLAN,R3_REFERENCE_FEASIBLE_TRIAD_TIMING_REJECT
H029,0.6,-0.2,0.35,height_sweep,plus_y,0.08,yes,yes,"{'lead': 8.0, 'err': 0.00449, 'tmin': 2.09, 'temporal': True, 'margin': 4.51}",60,32,True,True,A_PLAN_FOUND_AND_COMPLETED,R1_REFERENCE_FEASIBLE_TRIAD_SUCCESS
H030,0.6,-0.2,0.35,height_sweep,diag_xz,0.08,yes,yes,"{'lead': 8.0, 'err': 0.00654, 'tmin': 0.971, 'temporal': True, 'margin': 5.629}",48,13,True,True,A_PLAN_FOUND_AND_COMPLETED,R1_REFERENCE_FEASIBLE_TRIAD_SUCCESS
H031,0.6,-0.2,0.5,height_sweep,minus_x,0.08,yes,yes,"{'lead': 8.0, 'err': 0.00441, 'tmin': 1.425, 'temporal': True, 'margin': 5.175}",12,7,True,True,A_PLAN_FOUND_AND_COMPLETED,R1_REFERENCE_FEASIBLE_TRIAD_SUCCESS
H032,0.6,-0.2,0.5,height_sweep,plus_y,0.08,yes,yes,"{'lead': 8.0, 'err': 0.00672, 'tmin': 1.214, 'temporal': True, 'margin': 5.386}",138,82,True,True,A_PLAN_FOUND_AND_COMPLETED,R1_REFERENCE_FEASIBLE_TRIAD_SUCCESS
H033,0.6,-0.2,0.5,height_sweep,diag_xz,0.08,yes,yes,"{'lead': 8.0, 'err': 0.00929, 'tmin': 0.796, 'temporal': True, 'margin': 5.804}",235,51,True,True,A_PLAN_FOUND_AND_COMPLETED,R1_REFERENCE_FEASIBLE_TRIAD_SUCCESS
H034,0.58,0.25,0.3,speed_sweep,minus_x,0.05,yes,yes,"{'lead': 8.0, 'err': 0.00523, 'tmin': 1.829, 'temporal': True, 'margin': 4.771}",151,21,True,True,A_PLAN_FOUND_AND_COMPLETED,R1_REFERENCE_FEASIBLE_TRIAD_SUCCESS
H035,0.58,0.25,0.3,speed_sweep,minus_y,0.05,yes,yes,"{'lead': 8.0, 'err': 0.0051, 'tmin': 1.55, 'temporal': True, 'margin': 5.05}",104,0,False,False,D_NO_TIMING_ADMISSIBLE_PLAN,R3_REFERENCE_FEASIBLE_TRIAD_TIMING_REJECT
H036,0.58,0.25,0.3,speed_sweep,diag_xz,0.05,yes,yes,"{'lead': 8.0, 'err': 0.00889, 'tmin': 1.286, 'temporal': True, 'margin': 5.314}",206,38,True,True,A_PLAN_FOUND_AND_COMPLETED,R1_REFERENCE_FEASIBLE_TRIAD_SUCCESS
H037,0.58,0.25,0.3,speed_sweep,minus_x,0.08,yes,yes,"{'lead': 8.0, 'err': 0.0043, 'tmin': 1.628, 'temporal': True, 'margin': 4.972}",52,7,True,True,A_PLAN_FOUND_AND_COMPLETED,R1_REFERENCE_FEASIBLE_TRIAD_SUCCESS
H038,0.58,0.25,0.3,speed_sweep,minus_y,0.08,yes,yes,"{'lead': 8.0, 'err': 0.00753, 'tmin': 1.304, 'temporal': True, 'margin': 5.296}",102,68,True,True,A_PLAN_FOUND_AND_COMPLETED,R1_REFERENCE_FEASIBLE_TRIAD_SUCCESS
H039,0.58,0.25,0.3,speed_sweep,diag_xz,0.08,yes,yes,"{'lead': 8.0, 'err': 0.00972, 'tmin': 1.072, 'temporal': True, 'margin': 5.528}",134,16,True,True,A_PLAN_FOUND_AND_COMPLETED,R1_REFERENCE_FEASIBLE_TRIAD_SUCCESS
H040,0.58,0.25,0.3,speed_sweep,minus_x,0.11,yes,yes,"{'lead': 8.0, 'err': 0.00511, 'tmin': 1.558, 'temporal': True, 'margin': 5.042}",36,2,True,False,B_PLAN_FOUND_BUT_EXECUTION_FAILED,R5_REFERENCE_FEASIBLE_TRIAD_EXECUTION_FAIL
H041,0.58,0.25,0.3,speed_sweep,minus_y,0.11,yes,yes,"{'lead': 7.8, 'err': 0.00741, 'tmin': 1.82, 'temporal': True, 'margin': 4.58}",191,191,True,True,A_PLAN_FOUND_AND_COMPLETED,R1_REFERENCE_FEASIBLE_TRIAD_SUCCESS
H042,0.58,0.25,0.3,speed_sweep,diag_xz,0.11,yes,yes,"{'lead': 8.0, 'err': 0.00605, 'tmin': 0.815, 'temporal': True, 'margin': 5.785}",60,0,False,False,D_NO_TIMING_ADMISSIBLE_PLAN,R3_REFERENCE_FEASIBLE_TRIAD_TIMING_REJECT
H043,0.45,-0.5,0.25,lateral,minus_x,0.08,yes,yes,"{'lead': 7.5, 'err': 0.00843, 'tmin': 1.531, 'temporal': True, 'margin': 4.569}",33,9,True,True,A_PLAN_FOUND_AND_COMPLETED,R1_REFERENCE_FEASIBLE_TRIAD_SUCCESS
H044,0.45,-0.5,0.25,lateral,plus_y,0.08,yes,yes,"{'lead': 8.0, 'err': 0.00411, 'tmin': 1.686, 'temporal': True, 'margin': 4.914}",75,26,True,True,A_PLAN_FOUND_AND_COMPLETED,R1_REFERENCE_FEASIBLE_TRIAD_SUCCESS
H045,0.45,-0.5,0.25,lateral,diag_xy,0.08,yes,yes,"{'lead': 8.0, 'err': 0.00973, 'tmin': 1.887, 'temporal': True, 'margin': 4.713}",57,0,False,False,D_NO_TIMING_ADMISSIBLE_PLAN,R3_REFERENCE_FEASIBLE_TRIAD_TIMING_REJECT
H046,0.45,0.5,0.25,lateral,minus_x,0.08,yes,yes,"{'lead': 7.9, 'err': 0.00955, 'tmin': 1.59, 'temporal': True, 'margin': 4.91}",288,11,False,False,E_COMMIT_FRESHNESS_REJECTED,R4_REFERENCE_FEASIBLE_TRIAD_FRESHNESS_REJECT
H047,0.45,0.5,0.25,lateral,plus_y,0.08,yes,yes,"{'lead': 4.8, 'err': 0.00813, 'tmin': 1.191, 'temporal': True, 'margin': 2.209}",57,0,False,False,D_NO_TIMING_ADMISSIBLE_PLAN,R3_REFERENCE_FEASIBLE_TRIAD_TIMING_REJECT
H048,0.45,0.5,0.25,lateral,diag_xy,0.08,yes,yes,"{'lead': 7.8, 'err': 0.00585, 'tmin': 1.458, 'temporal': True, 'margin': 4.942}",5,0,False,False,D_NO_TIMING_ADMISSIBLE_PLAN,R3_REFERENCE_FEASIBLE_TRIAD_TIMING_REJECT
H049,0.35,0.1,0.4,longitudinal,minus_x,0.08,yes,yes,"{'lead': 8.0, 'err': 0.00808, 'tmin': 1.661, 'temporal': True, 'margin': 4.939}",0,0,False,False,C_NO_PHYSICALLY_FEASIBLE_PLAN,R2_REFERENCE_FEASIBLE_TRIAD_NO_PLAN
H050,0.35,0.1,0.4,longitudinal,minus_y,0.08,yes,yes,"{'lead': 8.0, 'err': 0.00402, 'tmin': 1.267, 'temporal': True, 'margin': 5.333}",168,108,True,True,A_PLAN_FOUND_AND_COMPLETED,R1_REFERENCE_FEASIBLE_TRIAD_SUCCESS
H051,0.35,0.1,0.4,longitudinal,diag_xz,0.08,yes,yes,"{'lead': 8.0, 'err': 0.00798, 'tmin': 0.961, 'temporal': True, 'margin': 5.639}",134,0,False,False,D_NO_TIMING_ADMISSIBLE_PLAN,R3_REFERENCE_FEASIBLE_TRIAD_TIMING_REJECT
H052,0.82,0.1,0.4,longitudinal,minus_x,0.08,yes,yes,"{'lead': 8.0, 'err': 0.00691, 'tmin': 1.762, 'temporal': True, 'margin': 4.838}",0,0,False,False,C_NO_PHYSICALLY_FEASIBLE_PLAN,R2_REFERENCE_FEASIBLE_TRIAD_NO_PLAN
H053,0.82,0.1,0.4,longitudinal,minus_y,0.08,yes,yes,"{'lead': 8.0, 'err': 0.00614, 'tmin': 0.81, 'temporal': True, 'margin': 5.79}",0,0,False,False,C_NO_PHYSICALLY_FEASIBLE_PLAN,R2_REFERENCE_FEASIBLE_TRIAD_NO_PLAN
H054,0.82,0.1,0.4,longitudinal,diag_xz,0.08,yes,yes,"{'lead': 8.0, 'err': 0.00596, 'tmin': 0.952, 'temporal': True, 'margin': 5.648}",233,158,True,True,A_PLAN_FOUND_AND_COMPLETED,R1_REFERENCE_FEASIBLE_TRIAD_SUCCESS
H055,0.7,-0.25,0.45,multiaxis,diag_xyz,0.08,yes,yes,"{'lead': 8.0, 'err': 0.0096, 'tmin': 1.008, 'temporal': True, 'margin': 5.592}",430,64,True,True,A_PLAN_FOUND_AND_COMPLETED,R1_REFERENCE_FEASIBLE_TRIAD_SUCCESS
H056,0.7,-0.25,0.45,multiaxis,diag_xyz,0.11,yes,yes,"{'lead': 8.0, 'err': 0.00534, 'tmin': 1.049, 'temporal': True, 'margin': 5.551}",362,1,False,False,E_COMMIT_FRESHNESS_REJECTED,R4_REFERENCE_FEASIBLE_TRIAD_FRESHNESS_REJECT
H057,0.7,-0.25,0.45,multiaxis,diag_xy,0.08,yes,yes,"{'lead': 8.0, 'err': 0.00674, 'tmin': 1.482, 'temporal': True, 'margin': 5.118}",162,73,True,True,A_PLAN_FOUND_AND_COMPLETED,R1_REFERENCE_FEASIBLE_TRIAD_SUCCESS
H058,0.7,-0.25,0.45,multiaxis,diag_xy,0.11,yes,yes,"{'lead': 7.5, 'err': 0.00769, 'tmin': 1.425, 'temporal': True, 'margin': 4.675}",138,2,True,True,A_PLAN_FOUND_AND_COMPLETED,R1_REFERENCE_FEASIBLE_TRIAD_SUCCESS
H059,0.55,0.35,0.18,low_height,minus_x,0.08,yes,yes,"{'lead': 8.0, 'err': 0.0063, 'tmin': 1.677, 'temporal': True, 'margin': 4.923}",140,4,True,True,A_PLAN_FOUND_AND_COMPLETED,R1_REFERENCE_FEASIBLE_TRIAD_SUCCESS
H060,0.55,0.35,0.18,low_height,plus_y,0.08,yes,yes,"{'lead': 6.0, 'err': 0.00934, 'tmin': 1.787, 'temporal': True, 'margin': 2.813}",162,21,True,True,A_PLAN_FOUND_AND_COMPLETED,R1_REFERENCE_FEASIBLE_TRIAD_SUCCESS
H061,0.55,0.35,0.55,high_height,minus_x,0.08,yes,yes,"{'lead': 8.0, 'err': 0.00398, 'tmin': 1.264, 'temporal': True, 'margin': 5.336}",144,0,False,False,D_NO_TIMING_ADMISSIBLE_PLAN,R3_REFERENCE_FEASIBLE_TRIAD_TIMING_REJECT
H062,0.55,0.35,0.55,high_height,plus_y,0.08,yes,yes,"{'lead': 5.6, 'err': 0.00792, 'tmin': 0.914, 'temporal': True, 'margin': 3.286}",271,36,True,True,A_PLAN_FOUND_AND_COMPLETED,R1_REFERENCE_FEASIBLE_TRIAD_SUCCESS
