t,Executor_Main,dual_giver_phase,dual_giver_speed,dual_giver_tracking_error
0.000,Initial,1,0.0000000,0.0000000
0.020,Initial,1,0.0000608,0.0000001
0.040,Initial,1,0.0003310,0.0000004
0.060,Initial,1,0.0008382,0.0000009
0.080,Initial,1,0.0015765,0.0000018
0.100,Initial,1,0.0025357,0.0000029
0.120,Initial,1,0.0037056,0.0000044
0.140,Initial,1,0.0050757,0.0000063
0.160,Initial,1,0.0066356,0.0000085
0.180,Initial,1,0.0083752,0.0000111
0.200,Initial,1,0.0102845,0.0000140
0.220,Initial,1,0.0123533,0.0000173
0.240,Initial,1,0.0145720,0.0000209
0.260,Initial,1,0.0169308,0.0000248
0.280,Initial,1,0.0194202,0.0000290
0.300,Initial,1,0.0220308,0.0000335
0.320,Initial,1,0.0247534,0.0000382
0.340,Initial,1,0.0275788,0.0000432
0.360,Initial,1,0.0304983,0.0000484
0.380,Initial,1,0.0335030,0.0000538
0.400,Initial,1,0.0365844,0.0000594
0.420,Initial,1,0.0397340,0.0000652
0.440,Initial,1,0.0429437,0.0000712
0.460,Initial,1,0.0462052,0.0000774
0.480,Initial,1,0.0495108,0.0000837
0.500,Initial,1,0.0528528,0.0000901
0.520,Initial,1,0.0562234,0.0000967
0.540,Initial,1,0.0596154,0.0001035
0.560,Initial,1,0.0630215,0.0001103
0.580,Initial,1,0.0664348,0.0001173
0.600,Initial,1,0.0698483,0.0001244
0.620,Initial,1,0.0732553,0.0001316
0.640,Initial,1,0.0766494,0.0001389
0.660,Initial,1,0.0800242,0.0001463
0.680,Initial,1,0.0833735,0.0001538
0.700,Initial,1,0.0866913,0.0001614
0.720,Initial,1,0.0899719,0.0001692
0.740,Initial,1,0.0932096,0.0001770
0.760,Initial,1,0.0963989,0.0001849
0.780,Initial,1,0.0995345,0.0001930
0.800,Initial,1,0.1026114,0.0002012
0.820,Initial,1,0.1056245,0.0002094
0.840,Initial,1,0.1085692,0.0002178
0.860,Initial,1,0.1114408,0.0002263
0.880,Initial,1,0.1142349,0.0002349
0.900,Initial,1,0.1169474,0.0002436
0.920,Initial,1,0.1195741,0.0002524
0.940,Initial,1,0.1221112,0.0002613
0.960,Initial,1,0.1245550,0.0002703
0.980,Initial,1,0.1269019,0.0002793
1.000,Initial,1,0.1291487,0.0002885
1.020,Initial,1,0.1312920,0.0002977
1.040,Initial,1,0.1333291,0.0003070
1.060,Initial,1,0.1352569,0.0003163
1.080,Initial,1,0.1370729,0.0003257
1.100,Initial,1,0.1387747,0.0003351
1.120,Initial,1,0.1403599,0.0003446
1.140,Initial,1,0.1418264,0.0003540
1.160,Initial,1,0.1431723,0.0003634
1.180,Initial,1,0.1443958,0.0003727
1.200,Initial,1,0.1454954,0.0003820
1.220,Initial,1,0.1464696,0.0003911
1.240,Initial,1,0.1473172,0.0004002
1.260,Initial,1,0.1480371,0.0004091
1.280,Initial,1,0.1486285,0.0004179
1.300,Initial,1,0.1490905,0.0004264
1.320,Initial,1,0.1494227,0.0004348
1.340,Initial,1,0.1496247,0.0004428
1.360,Initial,1,0.1496962,0.0004506
1.380,Initial,1,0.1496373,0.0004581
1.400,Initial,1,0.1494479,0.0004652
1.420,Initial,1,0.1491285,0.0004720
1.440,Initial,1,0.1486795,0.0004784
1.460,Initial,1,0.1481015,0.0004843
1.480,Initial,1,0.1473952,0.0004898
1.500,Initial,1,0.1465616,0.0004948
1.520,Initial,1,0.1456019,0.0004993
1.540,Initial,1,0.1445173,0.0005033
1.560,Initial,1,0.1433093,0.0005067
1.580,Initial,1,0.1419793,0.0005096
1.600,Initial,1,0.1405293,0.0005118
1.620,Initial,1,0.1389612,0.0005135
1.640,Initial,1,0.1372769,0.0005145
1.660,Initial,1,0.1354789,0.0005149
1.680,Initial,1,0.1335695,0.0005147
1.700,Initial,1,0.1315512,0.0005138
1.720,Initial,1,0.1294270,0.0005122
1.740,Initial,1,0.1271996,0.0005101
1.760,Initial,1,0.1248722,0.0005072
1.780,Initial,1,0.1224480,0.0005038
1.800,Initial,1,0.1199305,0.0004997
1.820,Initial,1,0.1173233,0.0004950
1.840,Initial,1,0.1146301,0.0004897
1.860,Initial,1,0.1118549,0.0004838
1.880,Initial,1,0.1090019,0.0004773
1.900,Initial,1,0.1060753,0.0004704
1.920,Initial,1,0.1030796,0.0004629
1.940,Initial,1,0.1000195,0.0004549
1.960,Initial,1,0.0968999,0.0004465
1.980,Initial,1,0.0937256,0.0004376
2.000,Initial,1,0.0905020,0.0004284
2.020,Initial,1,0.0872343,0.0004189
2.040,Initial,1,0.0839282,0.0004090
2.060,Initial,1,0.0805894,0.0003988
2.080,Initial,1,0.0772238,0.0003885
2.100,Initial,1,0.0738374,0.0003779
2.120,Initial,1,0.0704366,0.0003672
2.140,Initial,1,0.0670277,0.0003563
2.160,Initial,1,0.0636175,0.0003454
2.180,Initial,1,0.0602127,0.0003345
2.200,Initial,1,0.0568202,0.0003236
2.220,Initial,1,0.0534473,0.0003127
2.240,Initial,1,0.0501012,0.0003019
2.260,Initial,1,0.0467896,0.0002912
2.280,Initial,1,0.0435199,0.0002807
2.300,Initial,1,0.0403002,0.0002704
2.320,Initial,1,0.0371384,0.0002603
2.340,Initial,1,0.0340427,0.0002506
2.360,Initial,1,0.0310215,0.0002411
2.380,Initial,1,0.0280834,0.0002319
2.400,Initial,1,0.0252371,0.0002232
2.420,Initial,1,0.0224914,0.0002149
2.440,Initial,1,0.0198554,0.0002070
2.460,Initial,1,0.0173384,0.0001997
2.480,Initial,1,0.0149498,0.0001928
2.500,Initial,1,0.0126992,0.0001865
2.520,Initial,1,0.0105962,0.0001808
2.540,Initial,1,0.0086509,0.0001758
2.560,Initial,1,0.0068734,0.0001714
2.580,Initial,1,0.0052739,0.0001677
2.600,Initial,1,0.0038628,0.0001646
2.620,Initial,1,0.0026509,0.0001624
2.640,Initial,1,0.0016490,0.0001609
2.660,Initial,1,0.0008681,0.0001603
2.680,Initial,1,0.0003206,0.0001604
2.700,Initial,1,0.0000416,0.0001615
2.720,Initial,2,0.0000902,0.0001634
2.740,Initial,2,0.0001229,0.0001659
2.760,Initial,2,0.0001446,0.0001688
2.780,Initial,2,0.0001602,0.0001721
2.800,Initial,2,0.0001709,0.0001756
2.820,Initial,2,0.0001775,0.0001793
2.840,Initial,2,0.0001807,0.0001830
2.860,Initial,2,0.0001811,0.0001867
2.880,Initial,2,0.0001793,0.0001903
2.900,Initial,2,0.0001757,0.0001939
2.920,Initial,3,0.0001707,0.0001974
2.940,Initial,3,0.0001646,0.0002008
2.960,Initial,3,0.0001579,0.0002040
2.980,Initial,3,0.0001505,0.0002071
3.000,Initial,3,0.0001429,0.0002100
3.020,Initial,3,0.0001351,0.0002128
3.040,Initial,3,0.0001272,0.0002154
3.060,Initial,3,0.0001195,0.0002178
3.080,Initial,3,0.0001118,0.0002201
3.100,Initial,3,0.0001044,0.0002222
3.120,Initial,3,0.0000972,0.0002242
3.140,Initial,3,0.0000903,0.0002260
3.160,Initial,3,0.0000837,0.0002277
3.180,Initial,3,0.0000775,0.0002293
3.200,Initial,3,0.0000715,0.0002308
3.220,Initial,3,0.0000660,0.0002321
3.240,Initial,3,0.0000607,0.0002334
3.260,Initial,3,0.0000558,0.0002345
3.280,Initial,3,0.0000512,0.0002355
3.300,Initial,3,0.0000470,0.0002365
3.320,Initial,3,0.0000430,0.0002374
3.340,Initial,3,0.0000393,0.0002382
3.360,Initial,3,0.0000359,0.0002389
3.380,Initial,3,0.0000328,0.0002396
3.400,Initial,3,0.0000299,0.0002402
3.420,Initial,3,0.0000272,0.0002407
3.440,Initial,3,0.0000248,0.0002412
3.460,Initial,3,0.0000225,0.0002417
3.480,Initial,3,0.0000205,0.0002421
3.500,Initial,3,0.0000186,0.0002425
3.520,Initial,3,0.0000168,0.0002428
3.540,Initial,3,0.0000152,0.0002431
3.560,Initial,3,0.0000138,0.0002434
3.580,Initial,3,0.0000125,0.0002437
3.600,Initial,3,0.0000113,0.0002439
3.620,Initial,3,0.0000102,0.0002441
3.640,Initial,3,0.0000092,0.0002443
3.660,Initial,3,0.0000083,0.0002445
3.680,Initial,3,0.0000075,0.0002446
3.700,Initial,3,0.0000068,0.0002447
3.720,Initial,3,0.0000061,0.0002449
3.740,Initial,3,0.0000055,0.0002450
3.760,Initial,3,0.0000050,0.0002451
3.780,Initial,3,0.0000045,0.0002452
3.800,Initial,3,0.0000040,0.0002452
3.820,Initial,3,0.0000036,0.0002453
3.840,Initial,3,0.0000033,0.0002454
3.860,Initial,3,0.0000030,0.0002454
3.880,Initial,3,0.0000027,0.0002455
3.900,Initial,3,0.0000024,0.0002455
3.920,Initial,3,0.0000022,0.0002456
3.940,Initial,3,0.0000020,0.0002456
3.960,Initial,3,0.0000019,0.0002456
3.980,Initial,3,0.0000017,0.0002457
4.000,Initial,3,0.0000016,0.0002457
4.020,Initial,3,0.0000015,0.0002457
4.040,Initial,3,0.0000014,0.0002457
4.060,Initial,3,0.0000013,0.0002457
4.080,Initial,3,0.0000012,0.0002458
4.100,Initial,3,0.0000012,0.0002458
4.120,Initial,3,0.0000011,0.0002458
4.140,Initial,3,0.0000011,0.0002458
4.160,Initial,3,0.0000010,0.0002458
4.180,Initial,3,0.0000010,0.0002458
4.200,Initial,3,0.0000010,0.0002458
4.220,Initial,3,0.0000010,0.0002458
4.240,Initial,3,0.0000009,0.0002458
4.260,Initial,3,0.0000009,0.0002458
4.280,Initial,3,0.0000009,0.0002458
4.300,Initial,3,0.0000009,0.0002458
4.320,Initial,3,0.0000009,0.0002458
4.340,Initial,3,0.0000009,0.0002458
4.360,Initial,3,0.0000009,0.0002458
4.380,Initial,3,0.0000009,0.0002458
4.400,Initial,3,0.0000009,0.0002458
4.420,Initial,3,0.0000009,0.0002458
4.440,Initial,3,0.0000009,0.0002458
4.460,Initial,3,0.0000009,0.0002458
4.480,Initial,3,0.0000009,0.0002458
4.500,Initial,3,0.0000008,0.0002458
4.520,Initial,3,0.0000008,0.0002458
4.540,Initial,3,0.0000008,0.0002458
4.560,Initial,3,0.0000008,0.0002458
4.580,Initial,3,0.0000008,0.0002458
4.600,Initial,3,0.0000008,0.0002458
4.620,Initial,3,0.0000008,0.0002458
4.640,Initial,3,0.0000008,0.0002458
4.660,Initial,3,0.0000008,0.0002458
4.680,Initial,3,0.0000008,0.0002458
4.700,Initial,3,0.0000008,0.0002458
4.720,Initial,3,0.0000008,0.0002458
4.740,Initial,3,0.0000008,0.0002458
4.760,Initial,3,0.0000008,0.0002458
4.780,Initial,3,0.0000008,0.0002458
4.800,Initial,3,0.0000008,0.0002458
4.820,Initial,3,0.0000007,0.0002458
4.840,Initial,3,0.0000007,0.0002458
4.860,Initial,3,0.0000007,0.0002458
4.880,Initial,3,0.0000007,0.0002458
4.900,Initial,3,0.0000007,0.0002458
4.920,Initial,3,0.0000007,0.0002458
4.940,Initial,3,0.0000007,0.0002458
4.960,Initial,3,0.0000007,0.0002458
4.980,Initial,3,0.0000007,0.0002458
5.000,Initial,3,0.0000007,0.0002458
5.020,Initial,3,0.0000007,0.0002458
5.040,Initial,3,0.0000007,0.0002458
5.060,Initial,3,0.0000007,0.0002458
5.080,Initial,3,0.0000007,0.0002458
5.100,Initial,3,0.0000007,0.0002458
5.120,Initial,3,0.0000006,0.0002458
5.140,Initial,3,0.0000006,0.0002458
5.160,Initial,3,0.0000006,0.0002458
5.180,Initial,3,0.0000006,0.0002458
5.200,Initial,3,0.0000006,0.0002458
5.220,Initial,3,0.0000006,0.0002458
5.240,Initial,3,0.0000006,0.0002458
5.260,Initial,3,0.0000006,0.0002458
5.280,Initial,3,0.0000006,0.0002458
5.300,Initial,3,0.0000006,0.0002458
5.320,Initial,3,0.0000006,0.0002458
5.340,Initial,3,0.0000006,0.0002458
5.360,Initial,3,0.0000006,0.0002458
5.380,Initial,3,0.0000006,0.0002458
5.400,Initial,3,0.0000006,0.0002458
5.420,Initial,3,0.0000006,0.0002458
5.440,Initial,3,0.0000005,0.0002458
5.460,Initial,3,0.0000005,0.0002458
5.480,Initial,3,0.0000005,0.0002458
5.500,Initial,3,0.0000005,0.0002458
5.520,Initial,3,0.0000005,0.0002458
5.540,Initial,3,0.0000005,0.0002458
5.560,Initial,3,0.0000005,0.0002458
5.580,Initial,3,0.0000005,0.0002458
5.600,Initial,3,0.0000005,0.0002458
5.620,Initial,3,0.0000005,0.0002458
5.640,Initial,3,0.0000005,0.0002458
5.660,Initial,3,0.0000005,0.0002458
5.680,Initial,3,0.0000005,0.0002458
5.700,Initial,3,0.0000005,0.0002458
5.720,Initial,3,0.0000005,0.0002458
5.740,Initial,3,0.0000005,0.0002458
5.760,Initial,3,0.0000005,0.0002458
5.780,Initial,3,0.0000004,0.0002458
5.800,Initial,3,0.0000004,0.0002458
5.820,Initial,3,0.0000004,0.0002458
5.840,Initial,3,0.0000004,0.0002458
5.860,Initial,3,0.0000004,0.0002458
5.880,Initial,3,0.0000004,0.0002458
5.900,Initial,3,0.0000004,0.0002458
5.920,Initial,3,0.0000004,0.0002458
5.940,Initial,3,0.0000004,0.0002458
5.960,Initial,3,0.0000004,0.0002458
5.980,Initial,3,0.0000004,0.0002458
6.000,Initial,3,0.0000004,0.0002458
6.020,Initial,3,0.0000004,0.0002458
6.040,Initial,3,0.0000004,0.0002458
6.060,Initial,3,0.0000004,0.0002458
6.080,Initial,3,0.0000004,0.0002458
6.100,Initial,3,0.0000004,0.0002458
6.120,Initial,3,0.0000004,0.0002458
6.140,Initial,3,0.0000004,0.0002458
6.160,Initial,3,0.0000004,0.0002458
6.180,Initial,3,0.0000003,0.0002458
6.200,Initial,3,0.0000003,0.0002458
6.220,Initial,3,0.0000003,0.0002457
6.240,Initial,3,0.0000003,0.0002457
6.260,Initial,3,0.0000003,0.0002457
6.280,Initial,3,0.0000003,0.0002457
6.300,Initial,3,0.0000003,0.0002457
6.320,Initial,3,0.0000003,0.0002457
6.340,Initial,3,0.0000003,0.0002457
6.360,Initial,3,0.0000003,0.0002457
6.380,Initial,3,0.0000003,0.0002457
6.400,Initial,3,0.0000003,0.0002457
6.420,Initial,3,0.0000003,0.0002457
6.440,Initial,3,0.0000003,0.0002457
6.460,Initial,3,0.0000003,0.0002457
6.480,Initial,3,0.0000003,0.0002457
6.500,Initial,3,0.0000003,0.0002457
6.520,Initial,3,0.0000003,0.0002457
6.540,Initial,3,0.0000003,0.0002457
6.560,Initial,3,0.0000003,0.0002457
6.580,Initial,3,0.0000003,0.0002457
6.600,Initial,3,0.0000003,0.0002457
6.620,Initial,3,0.0000003,0.0002457
6.640,Initial,3,0.0000003,0.0002457
6.660,Initial,3,0.0000003,0.0002457
6.680,Initial,3,0.0000003,0.0002457
6.700,Initial,3,0.0000002,0.0002457
6.720,Initial,3,0.0000002,0.0002457
6.740,Initial,3,0.0000002,0.0002457
6.760,Initial,3,0.0000002,0.0002457
6.780,Initial,3,0.0000002,0.0002457
6.800,Initial,3,0.0000002,0.0002457
6.820,Initial,3,0.0000002,0.0002457
6.840,Initial,3,0.0000002,0.0002457
6.860,Initial,3,0.0000002,0.0002457
6.880,Initial,3,0.0000002,0.0002457
6.900,Initial,3,0.0000002,0.0002457
6.920,Initial,3,0.0000002,0.0002457
6.940,Initial,3,0.0000002,0.0002457
6.960,Initial,3,0.0000002,0.0002457
6.980,Initial,3,0.0000002,0.0002457
7.000,Initial,3,0.0000002,0.0002457
7.020,Initial,3,0.0000002,0.0002457
7.040,Initial,3,0.0000002,0.0002457
7.060,Initial,3,0.0000002,0.0002457
7.080,Initial,3,0.0000002,0.0002457
7.100,Initial,3,0.0000002,0.0002457
7.120,Initial,3,0.0000002,0.0002457
7.140,Initial,3,0.0000002,0.0002457
7.160,Initial,3,0.0000002,0.0002457
7.180,Initial,3,0.0000002,0.0002457
7.200,Initial,3,0.0000002,0.0002457
7.220,Initial,3,0.0000002,0.0002457
7.240,Initial,3,0.0000002,0.0002457
7.260,Initial,3,0.0000002,0.0002457
7.280,Initial,3,0.0000002,0.0002457
7.300,Initial,3,0.0000002,0.0002457
7.320,Initial,3,0.0000002,0.0002457
7.340,Initial,3,0.0000002,0.0002457
7.360,Initial,3,0.0000002,0.0002457
7.380,Initial,3,0.0000002,0.0002457
7.400,Initial,3,0.0000002,0.0002457
7.420,Initial,3,0.0000002,0.0002457
7.440,Initial,3,0.0000001,0.0002457
7.460,Initial,3,0.0000001,0.0002457
7.480,Initial,3,0.0000001,0.0002457
7.500,Initial,3,0.0000001,0.0002457
7.520,Initial,3,0.0000001,0.0002457
7.540,Initial,3,0.0000001,0.0002457
7.560,Initial,3,0.0000001,0.0002457
7.580,Initial,3,0.0000001,0.0002457
7.600,Initial,3,0.0000001,0.0002457
7.620,Initial,3,0.0000001,0.0002457
7.640,Initial,3,0.0000001,0.0002457
7.660,Initial,3,0.0000001,0.0002457
7.680,Initial,3,0.0000001,0.0002457
7.700,Initial,3,0.0000001,0.0002457
7.720,Initial,3,0.0000001,0.0002457
7.740,Initial,3,0.0000001,0.0002457
7.760,Initial,3,0.0000001,0.0002457
7.780,ObserveObject,3,0.0000035,0.0002457
7.800,ObserveObject,3,0.0001062,0.0002437
7.820,ObserveObject,3,0.0002241,0.0002391
7.840,ObserveObject,3,0.0003196,0.0002326
7.860,ObserveObject,3,0.0003921,0.0002245
7.880,ObserveObject,3,0.0004450,0.0002154
7.900,ObserveObject,3,0.0004816,0.0002055
7.920,ObserveObject,3,0.0005047,0.0001952
7.940,ObserveObject,3,0.0005169,0.0001845
7.960,ObserveObject,3,0.0005203,0.0001738
7.980,ObserveObject,3,0.0005167,0.0001632
8.000,ObserveObject,3,0.0005074,0.0001528
8.020,ObserveObject,3,0.0004939,0.0001427
8.040,ObserveObject,3,0.0004770,0.0001329
8.060,ObserveObject,3,0.0004579,0.0001235
8.080,ObserveObject,3,0.0004370,0.0001145
8.100,ObserveObject,3,0.0004151,0.0001059
8.120,ObserveObject,3,0.0003926,0.0000979
8.140,ObserveObject,4,0.0077965,0.0012442
8.160,ObserveObject,4,0.0225576,0.0023995
8.180,ObserveObject,4,0.0359004,0.0032845
8.200,ObserveObject,4,0.0471146,0.0039444
8.220,ObserveObject,4,0.0564044,0.0044180
8.240,ObserveObject,4,0.0640445,0.0047385
8.260,ObserveObject,4,0.0702835,0.0049339
8.280,ObserveObject,4,0.0753368,0.0050281
8.300,ObserveObject,4,0.0793893,0.0050409
8.320,ObserveObject,4,0.0826000,0.0049894
8.340,ObserveObject,4,0.0851050,0.0048876
8.360,ObserveObject,4,0.0870207,0.0047474
8.380,ObserveObject,4,0.0884465,0.0045785
8.400,ObserveObject,4,0.0894671,0.0043892
8.420,ObserveObject,4,0.0901547,0.0041860
8.440,ObserveObject,4,0.0905704,0.0039745
8.460,ObserveObject,4,0.0907660,0.0037590
8.480,ObserveObject,4,0.0907851,0.0035431
8.500,ObserveObject,4,0.0906644,0.0033296
8.520,ObserveObject,4,0.0904349,0.0031207
8.540,ObserveObject,4,0.0901222,0.0029180
8.560,ObserveObject,4,0.0897477,0.0027228
8.580,ObserveObject,4,0.0893290,0.0025360
8.600,ObserveObject,4,0.0888807,0.0023582
8.620,ObserveObject,4,0.0884147,0.0021896
8.640,ObserveObject,4,0.0879405,0.0020306
8.660,ObserveObject,4,0.0874657,0.0018810
8.680,ObserveObject,4,0.0869966,0.0017409
8.700,ObserveObject,4,0.0865377,0.0016099
8.720,ObserveObject,4,0.0860927,0.0014879
8.740,ObserveObject,4,0.0856644,0.0013744
8.760,ObserveObject,4,0.0852545,0.0012692
8.780,ObserveObject,4,0.0848643,0.0011717
8.800,ObserveObject,4,0.0844947,0.0010817
8.820,ObserveObject,4,0.0841459,0.0009986
8.840,ObserveObject,4,0.0838180,0.0009221
8.860,ObserveObject,4,0.0835107,0.0008518
8.880,ObserveObject,4,0.0832235,0.0007872
8.900,ObserveObject,4,0.0829558,0.0007280
8.920,ObserveObject,4,0.0827069,0.0006738
8.940,ObserveObject,4,0.0824760,0.0006242
8.960,ObserveObject,4,0.0822621,0.0005789
8.980,ObserveObject,4,0.0820645,0.0005376
9.000,ObserveObject,4,0.0818820,0.0004999
9.020,ObserveObject,4,0.0817140,0.0004656
9.040,SolveInterception,4,0.0815739,0.0004341
9.060,SolveInterception,4,0.0814551,0.0004050
9.080,SolveInterception,4,0.0813441,0.0003780
9.100,SolveInterception,4,0.0812392,0.0003532
9.120,SolveInterception,4,0.0811404,0.0003303
9.140,SolveInterception,4,0.0810476,0.0003092
9.160,SolveInterception,4,0.0809606,0.0002899
9.180,SolveInterception,4,0.0808794,0.0002722
9.200,SolveInterception,4,0.0808038,0.0002560
9.220,SolveInterception,4,0.0807335,0.0002412
9.240,SolveInterception,4,0.0806682,0.0002277
9.260,SolveInterception,4,0.0806078,0.0002155
9.280,SolveInterception,4,0.0805520,0.0002043
9.300,SolveInterception,4,0.0805005,0.0001942
9.320,SolveInterception,4,0.0804531,0.0001851
9.340,SolveInterception,4,0.0804094,0.0001768
9.360,SolveInterception,4,0.0803693,0.0001693
9.380,SolveInterception,4,0.0803324,0.0001626
9.400,SolveInterception,4,0.0802987,0.0001565
9.420,SolveInterception,4,0.0802677,0.0001511
9.440,SolveInterception,4,0.0802394,0.0001463
9.460,SolveInterception,4,0.0802136,0.0001420
9.480,SolveInterception,4,0.0801899,0.0001382
9.500,SolveInterception,4,0.0801683,0.0001348
9.520,ExecuteCommittedReach,4,0.0801506,0.0001317
9.540,ExecuteCommittedReach,4,0.0801439,0.0001289
9.560,ExecuteCommittedReach,4,0.0801383,0.0001261
9.580,ExecuteCommittedReach,4,0.0801318,0.0001235
9.600,ExecuteCommittedReach,4,0.0801245,0.0001210
9.620,ExecuteCommittedReach,4,0.0801167,0.0001187
9.640,ExecuteCommittedReach,4,0.0801084,0.0001166
9.660,ExecuteCommittedReach,4,0.0800999,0.0001146
9.680,ExecuteCommittedReach,4,0.0800914,0.0001128
9.700,ExecuteCommittedReach,4,0.0800829,0.0001112
9.720,ExecuteCommittedReach,4,0.0800745,0.0001098
9.740,ExecuteCommittedReach,4,0.0800664,0.0001086
9.760,ExecuteCommittedReach,4,0.0800586,0.0001075
9.780,ExecuteCommittedReach,4,0.0800511,0.0001065
9.800,ExecuteCommittedReach,4,0.0800439,0.0001058
9.820,ExecuteCommittedReach,4,0.0800370,0.0001051
9.840,ExecuteCommittedReach,4,0.0800305,0.0001046
9.860,ExecuteCommittedReach,4,0.0800244,0.0001043
9.880,ExecuteCommittedReach,4,0.0800187,0.0001040
9.900,ExecuteCommittedReach,4,0.0800132,0.0001039
9.920,ExecuteCommittedReach,4,0.0800082,0.0001038
9.940,ExecuteCommittedReach,4,0.0800034,0.0001039
9.960,ExecuteCommittedReach,4,0.0799990,0.0001040
9.980,ExecuteCommittedReach,4,0.0799948,0.0001043
10.000,ExecuteCommittedReach,4,0.0799910,0.0001046
10.020,ExecuteCommittedReach,4,0.0799874,0.0001050
10.040,ExecuteCommittedReach,4,0.0799841,0.0001054
10.060,ExecuteCommittedReach,4,0.0799810,0.0001060
10.080,ExecuteCommittedReach,4,0.0799781,0.0001065
10.100,ExecuteCommittedReach,4,0.0799754,0.0001072
10.120,ExecuteCommittedReach,4,0.0799730,0.0001079
10.140,ExecuteCommittedReach,4,0.0799707,0.0001086
10.160,ExecuteCommittedReach,4,0.0799685,0.0001094
10.180,ExecuteCommittedReach,4,0.0799665,0.0001102
10.200,ExecuteCommittedReach,4,0.0799647,0.0001110
10.220,ExecuteCommittedReach,4,0.0799630,0.0001119
10.240,ExecuteCommittedReach,4,0.0799614,0.0001128
10.260,ExecuteCommittedReach,4,0.0799599,0.0001138
10.280,ExecuteCommittedReach,4,0.0799585,0.0001148
10.300,ExecuteCommittedReach,4,0.0799572,0.0001158
10.320,ExecuteCommittedReach,4,0.0799560,0.0001168
10.340,ExecuteCommittedReach,4,0.0799548,0.0001178
10.360,ExecuteCommittedReach,4,0.0799537,0.0001189
10.380,ExecuteCommittedReach,4,0.0799527,0.0001200
10.400,ExecuteCommittedReach,4,0.0799518,0.0001211
10.420,ExecuteCommittedReach,4,0.0799509,0.0001223
10.440,ExecuteCommittedReach,4,0.0799500,0.0001234
10.460,ExecuteCommittedReach,4,0.0799492,0.0001246
10.480,ExecuteCommittedReach,4,0.0799484,0.0001257
10.500,ExecuteCommittedReach,4,0.0799477,0.0001269
10.520,ExecuteCommittedReach,4,0.0799469,0.0001282
10.540,ExecuteCommittedReach,4,0.0799463,0.0001294
10.560,ExecuteCommittedReach,4,0.0799456,0.0001306
10.580,ExecuteCommittedReach,4,0.0799449,0.0001319
10.600,ExecuteCommittedReach,4,0.0799443,0.0001331
10.620,ExecuteCommittedReach,4,0.0799437,0.0001344
10.640,ExecuteCommittedReach,4,0.0799431,0.0001357
10.660,ExecuteCommittedReach,4,0.0799425,0.0001370
10.680,ExecuteCommittedReach,4,0.0799420,0.0001383
10.700,ExecuteCommittedReach,4,0.0799414,0.0001397
10.720,ExecuteCommittedReach,4,0.0799409,0.0001410
10.740,ExecuteCommittedReach,4,0.0799403,0.0001424
10.760,ExecuteCommittedReach,4,0.0799398,0.0001437
10.780,ExecuteCommittedReach,4,0.0799393,0.0001451
10.800,ExecuteCommittedReach,4,0.0799387,0.0001465
10.820,ExecuteCommittedReach,4,0.0799382,0.0001479
10.840,ExecuteCommittedReach,4,0.0799377,0.0001493
10.860,ExecuteCommittedReach,4,0.0799372,0.0001507
10.880,ExecuteCommittedReach,4,0.0799367,0.0001521
10.900,ExecuteCommittedReach,4,0.0799361,0.0001536
10.920,ExecuteCommittedReach,4,0.0799356,0.0001550
10.940,ExecuteCommittedReach,4,0.0799351,0.0001565
10.960,ExecuteCommittedReach,4,0.0799346,0.0001580
10.980,ExecuteCommittedReach,4,0.0799341,0.0001594
11.000,ExecuteCommittedReach,4,0.0799335,0.0001609
11.020,ExecuteCommittedReach,4,0.0799330,0.0001625
11.040,ExecuteCommittedReach,4,0.0799325,0.0001640
11.060,ExecuteCommittedReach,4,0.0799319,0.0001655
11.080,ExecuteCommittedReach,4,0.0799314,0.0001670
11.100,ExecuteCommittedReach,4,0.0799309,0.0001686
11.120,ExecuteCommittedReach,4,0.0799303,0.0001702
11.140,ExecuteCommittedReach,4,0.0799298,0.0001717
11.160,ExecuteCommittedReach,4,0.0799292,0.0001733
11.180,ExecuteCommittedReach,4,0.0799287,0.0001749
11.200,ExecuteCommittedReach,4,0.0799281,0.0001765
11.220,ExecuteCommittedReach,4,0.0799275,0.0001782
11.240,ExecuteCommittedReach,4,0.0799270,0.0001798
11.260,ExecuteCommittedReach,4,0.0799264,0.0001815
11.280,ExecuteCommittedReach,4,0.0799258,0.0001831
11.300,ExecuteCommittedReach,4,0.0799252,0.0001848
11.320,ExecuteCommittedReach,4,0.0799246,0.0001865
11.340,ExecuteCommittedReach,4,0.0799240,0.0001882
11.360,ExecuteCommittedReach,4,0.0799234,0.0001899
11.380,ExecuteCommittedReach,4,0.0799228,0.0001916
11.400,ExecuteCommittedReach,4,0.0799222,0.0001934
11.420,ExecuteCommittedReach,4,0.0799216,0.0001951
11.440,ExecuteCommittedReach,4,0.0799209,0.0001969
11.460,ExecuteCommittedReach,4,0.0799203,0.0001987
11.480,ExecuteCommittedReach,4,0.0799196,0.0002004
11.500,ExecuteCommittedReach,4,0.0799190,0.0002023
11.520,ExecuteCommittedReach,4,0.0799183,0.0002041
11.540,ExecuteCommittedReach,4,0.0799176,0.0002059
11.560,ExecuteCommittedReach,4,0.0799169,0.0002078
11.580,ExecuteCommittedReach,4,0.0799163,0.0002096
11.600,ExecuteCommittedReach,4,0.0799156,0.0002115
11.620,ExecuteCommittedReach,4,0.0799148,0.0002134
11.640,ExecuteCommittedReach,4,0.0799141,0.0002153
11.660,ExecuteCommittedReach,4,0.0799134,0.0002172
11.680,ExecuteCommittedReach,4,0.0799127,0.0002192
11.700,ExecuteCommittedReach,4,0.0799119,0.0002211
11.720,ExecuteCommittedReach,4,0.0799112,0.0002231
11.740,ExecuteCommittedReach,4,0.0799104,0.0002251
11.760,ExecuteCommittedReach,4,0.0799096,0.0002271
11.780,ExecuteCommittedReach,4,0.0799088,0.0002291
11.800,ExecuteCommittedReach,4,0.0799080,0.0002312
11.820,ExecuteCommittedReach,4,0.0799072,0.0002332
11.840,ExecuteCommittedReach,4,0.0799064,0.0002353
11.860,ExecuteCommittedReach,4,0.0799056,0.0002374
11.880,ExecuteCommittedReach,4,0.0799048,0.0002395
11.900,ExecuteCommittedReach,4,0.0799039,0.0002416
11.920,ExecuteCommittedReach,4,0.0799030,0.0002438
11.940,ExecuteCommittedReach,4,0.0799022,0.0002460
11.960,ExecuteCommittedReach,4,0.0799013,0.0002481
11.980,ExecuteCommittedReach,4,0.0799004,0.0002503
12.000,ExecuteCommittedReach,4,0.0798995,0.0002526
12.020,ExecuteCommittedReach,4,0.0798985,0.0002548
12.040,ExecuteCommittedReach,4,0.0798976,0.0002571
12.060,ExecuteCommittedReach,4,0.0798966,0.0002594
12.080,ExecuteCommittedReach,4,0.0798957,0.0002617
12.100,ExecuteCommittedReach,4,0.0798947,0.0002640
12.120,ExecuteCommittedReach,4,0.0798937,0.0002663
12.140,ExecuteCommittedReach,4,0.0798927,0.0002687
12.160,ExecuteCommittedReach,4,0.0798916,0.0002711
12.180,ExecuteCommittedReach,4,0.0798906,0.0002735
12.200,ExecuteCommittedReach,4,0.0798895,0.0002759
12.220,ExecuteCommittedReach,4,0.0798885,0.0002784
12.240,ExecuteCommittedReach,4,0.0798874,0.0002809
12.260,ExecuteCommittedReach,4,0.0798863,0.0002834
12.280,ExecuteCommittedReach,4,0.0798851,0.0002859
12.300,ExecuteCommittedReach,4,0.0798840,0.0002885
12.320,ExecuteCommittedReach,4,0.0798828,0.0002911
12.340,ExecuteCommittedReach,4,0.0798794,0.0002937
12.360,ExecuteCommittedReach,4,0.0798469,0.0002962
12.380,ExecuteCommittedReach,4,0.0797377,0.0002988
12.400,ExecuteCommittedReach,4,0.0795067,0.0003011
12.420,ExecuteCommittedReach,4,0.0791158,0.0003033
12.440,ExecuteCommittedReach,4,0.0785339,0.0003051
12.460,ExecuteCommittedReach,4,0.0777365,0.0003065
12.480,ExecuteCommittedReach,4,0.0767059,0.0003074
12.500,ExecuteCommittedReach,4,0.0754302,0.0003078
12.520,ExecuteCommittedReach,4,0.0739033,0.0003076
12.540,ExecuteCommittedReach,4,0.0721242,0.0003067
12.560,ExecuteCommittedReach,4,0.0700968,0.0003051
12.580,ExecuteCommittedReach,4,0.0678297,0.0003028
12.600,ExecuteCommittedReach,4,0.0653352,0.0002997
12.620,ExecuteCommittedReach,4,0.0626296,0.0002960
12.640,ExecuteCommittedReach,4,0.0597324,0.0002915
12.660,ExecuteCommittedReach,4,0.0566657,0.0002864
12.680,ExecuteCommittedReach,4,0.0534543,0.0002806
12.700,ExecuteCommittedReach,4,0.0501250,0.0002742
12.720,ExecuteCommittedReach,4,0.0467063,0.0002674
12.740,ExecuteCommittedReach,4,0.0432277,0.0002601
12.760,ExecuteCommittedReach,4,0.0397196,0.0002525
12.780,ExecuteCommittedReach,4,0.0362131,0.0002446
12.800,ExecuteCommittedReach,4,0.0327388,0.0002365
12.820,ExecuteCommittedReach,4,0.0293273,0.0002284
12.840,ExecuteCommittedReach,4,0.0260082,0.0002203
12.860,ExecuteCommittedReach,4,0.0228097,0.0002124
12.880,ExecuteCommittedReach,4,0.0197586,0.0002047
12.900,ExecuteCommittedReach,4,0.0168796,0.0001974
12.920,ExecuteCommittedReach,4,0.0141948,0.0001905
12.940,ExecuteCommittedReach,4,0.0117233,0.0001841
12.960,ExecuteCommittedReach,4,0.0094811,0.0001783
12.980,ExecuteCommittedReach,4,0.0074805,0.0001731
13.000,ExecuteCommittedReach,4,0.0057293,0.0001687
13.020,ExecuteCommittedReach,4,0.0042311,0.0001650
13.040,ExecuteCommittedReach,4,0.0029843,0.0001620
13.060,ExecuteCommittedReach,4,0.0019818,0.0001599
13.080,ExecuteCommittedReach,4,0.0012110,0.0001585
13.100,ExecuteCommittedReach,4,0.0006527,0.0001579
13.120,ExecuteCommittedReach,4,0.0002812,0.0001579
13.140,ExecuteCommittedReach,4,0.0000639,0.0001586
13.160,ExecuteCommittedReach,4,0.0000418,0.0001599
13.180,PresentationHold,5,0.0000661,0.0001613
13.200,PresentationHold,5,0.0000203,0.0001611
13.220,PresentationHold,5,0.0001117,0.0001588
13.240,PresentationHold,5,0.0001859,0.0001551
13.260,PresentationHold,5,0.0002427,0.0001503
13.280,MovePregrasp,5,0.0002848,0.0001446
13.300,MovePregrasp,5,0.0003147,0.0001382
13.320,MovePregrasp,5,0.0003345,0.0001315
13.340,MovePregrasp,5,0.0003460,0.0001246
13.360,MovePregrasp,5,0.0003509,0.0001176
13.380,MovePregrasp,6,0.0003504,0.0001105
13.400,MovePregrasp,6,0.0003457,0.0001036
13.420,MovePregrasp,6,0.0003377,0.0000968
13.440,MovePregrasp,6,0.0003271,0.0000902
13.460,MovePregrasp,6,0.0003147,0.0000839
13.480,MovePregrasp,6,0.0003010,0.0000779
13.500,MovePregrasp,6,0.0002864,0.0000721
13.520,MovePregrasp,6,0.0002713,0.0000667
13.540,MovePregrasp,6,0.0002560,0.0000615
13.560,MovePregrasp,6,0.0002407,0.0000567
13.580,MovePregrasp,6,0.0002255,0.0000522
13.600,MovePregrasp,6,0.0002108,0.0000479
13.620,MovePregrasp,6,0.0001964,0.0000440
13.640,MovePregrasp,6,0.0001827,0.0000403
13.660,MovePregrasp,6,0.0001695,0.0000369
13.680,MovePregrasp,6,0.0001569,0.0000338
13.700,MovePregrasp,6,0.0001451,0.0000308
13.720,MovePregrasp,6,0.0001339,0.0000281
13.740,MovePregrasp,6,0.0001233,0.0000257
13.760,MovePregrasp,6,0.0001134,0.0000234
13.780,MovePregrasp,6,0.0001042,0.0000213
13.800,MovePregrasp,6,0.0000956,0.0000194
13.820,MovePregrasp,6,0.0000876,0.0000176
13.840,MovePregrasp,6,0.0000801,0.0000160
13.860,MovePregrasp,6,0.0000733,0.0000145
13.880,MovePregrasp,6,0.0000669,0.0000132
13.900,MovePregrasp,6,0.0000610,0.0000120
13.920,MovePregrasp,6,0.0000556,0.0000108
13.940,MovePregrasp,6,0.0000507,0.0000098
13.960,MovePregrasp,6,0.0000461,0.0000089
13.980,MovePregrasp,6,0.0000419,0.0000081
14.000,MovePregrasp,6,0.0000381,0.0000073
14.020,MovePregrasp,6,0.0000345,0.0000066
14.040,MovePregrasp,6,0.0000313,0.0000060
14.060,MovePregrasp,6,0.0000284,0.0000054
14.080,MovePregrasp,6,0.0000257,0.0000049
14.100,MovePregrasp,6,0.0000233,0.0000044
14.120,MovePregrasp,6,0.0000211,0.0000040
14.140,MovePregrasp,6,0.0000190,0.0000036
14.160,MovePregrasp,6,0.0000172,0.0000033
14.180,MovePregrasp,6,0.0000155,0.0000030
14.200,MovePregrasp,6,0.0000140,0.0000027
14.220,MovePregrasp,6,0.0000126,0.0000024
14.240,MovePregrasp,6,0.0000114,0.0000022
14.260,MovePregrasp,6,0.0000103,0.0000020
14.280,MovePregrasp,6,0.0000092,0.0000018
14.300,MovePregrasp,6,0.0000083,0.0000016
14.320,MovePregrasp,6,0.0000075,0.0000015
14.340,CaptureTransfer,6,0.0000067,0.0000013
14.360,CaptureTransfer,6,0.0000061,0.0000012
14.380,CaptureTransfer,6,0.0000056,0.0000011
14.400,CaptureTransfer,6,0.0000051,0.0000010
14.420,CaptureTransfer,6,0.0000047,0.0000009
14.440,CaptureTransfer,6,0.0000043,0.0000008
14.460,CaptureTransfer,6,0.0000039,0.0000007
14.480,CaptureTransfer,6,0.0000035,0.0000007
14.500,CaptureTransfer,6,0.0000032,0.0000006
14.520,CaptureTransfer,6,0.0000029,0.0000006
14.540,CaptureTransfer,6,0.0000027,0.0000005
14.560,CaptureTransfer,6,0.0000024,0.0000005
14.580,CaptureTransfer,6,0.0000022,0.0000004
14.600,CaptureTransfer,6,0.0000020,0.0000004
14.620,CaptureTransfer,6,0.0000018,0.0000003
14.640,CaptureTransfer,6,0.0000016,0.0000003
14.660,CaptureTransfer,6,0.0000015,0.0000003
14.680,CaptureTransfer,6,0.0000013,0.0000002
14.700,CaptureTransfer,6,0.0000012,0.0000002
14.720,CaptureTransfer,6,0.0000011,0.0000002
14.740,CaptureTransfer,6,0.0000010,0.0000002
14.760,CaptureTransfer,6,0.0000009,0.0000002
14.780,CaptureTransfer,6,0.0000008,0.0000001
14.800,CaptureTransfer,6,0.0000007,0.0000001
14.820,CaptureTransfer,6,0.0000006,0.0000001
14.840,CaptureTransfer,6,0.0000006,0.0000001
14.860,CaptureTransfer,6,0.0000005,0.0000001
14.880,CaptureTransfer,6,0.0000005,0.0000001
14.900,CaptureTransfer,6,0.0000004,0.0000001
14.920,CaptureTransfer,6,0.0000004,0.0000001
14.940,CaptureTransfer,6,0.0000003,0.0000001
14.960,CaptureTransfer,6,0.0000003,0.0000001
14.980,CaptureTransfer,6,0.0000003,0.0000000
15.000,CaptureTransfer,6,0.0000002,0.0000000
15.020,CaptureTransfer,6,0.0000002,0.0000000
15.040,CaptureTransfer,6,0.0000002,0.0000000
15.060,CaptureTransfer,6,0.0000002,0.0000000
15.080,CaptureTransfer,6,0.0000002,0.0000000
15.100,CaptureTransfer,6,0.0000001,0.0000000
15.120,CaptureTransfer,6,0.0000001,0.0000000
15.140,CaptureTransfer,6,0.0000001,0.0000000
15.160,CaptureTransfer,6,0.0000001,0.0000000
15.180,CaptureTransfer,6,0.0000001,0.0000000
15.200,CaptureTransfer,6,0.0000001,0.0000000
15.220,CaptureTransfer,6,0.0000001,0.0000000
15.240,CaptureTransfer,6,0.0000001,0.0000000
15.260,CaptureTransfer,6,0.0000001,0.0000000
15.280,CaptureTransfer,6,0.0000001,0.0000000
15.300,CaptureTransfer,6,0.0000000,0.0000000
15.320,CaptureTransfer,6,0.0000000,0.0000000
15.340,CaptureTransfer,6,0.0000000,0.0000000
15.360,CaptureTransfer,6,0.0000000,0.0000000
15.380,CaptureTransfer,6,0.0000000,0.0000000
15.400,CaptureTransfer,6,0.0000000,0.0000000
15.420,CaptureTransfer,6,0.0000000,0.0000000
15.440,CaptureTransfer,6,0.0000000,0.0000000
15.460,CaptureTransfer,6,0.0000000,0.0000000
15.480,CaptureTransfer,6,0.0000000,0.0000000
15.500,CaptureTransfer,6,0.0000000,0.0000000
15.520,CaptureTransfer,6,0.0000000,0.0000000
15.540,CaptureTransfer,6,0.0000000,0.0000000
15.560,CaptureTransfer,6,0.0000000,0.0000000
15.580,CaptureTransfer,6,0.0000000,0.0000000
15.600,CaptureTransfer,6,0.0000000,0.0000000
15.620,CaptureTransfer,6,0.0000000,0.0000000
15.640,CaptureTransfer,6,0.0000000,0.0000000
15.660,CaptureTransfer,6,0.0000000,0.0000000
15.680,CaptureTransfer,6,0.0000000,0.0000000
15.700,CaptureTransfer,6,0.0000000,0.0000000
15.720,CaptureTransfer,6,0.0000000,0.0000000
15.740,CaptureTransfer,6,0.0000000,0.0000000
15.760,CaptureTransfer,6,0.0000000,0.0000000
15.780,CaptureTransfer,6,0.0000000,0.0000000
15.800,CaptureTransfer,6,0.0000000,0.0000000
15.820,CaptureTransfer,6,0.0000000,0.0000000
15.840,CaptureTransfer,6,0.0000000,0.0000000
15.860,CaptureTransfer,6,0.0000000,0.0000000
15.880,CaptureTransfer,6,0.0000000,0.0000000
15.900,CaptureTransfer,6,0.0000000,0.0000000
15.920,CaptureTransfer,6,0.0000000,0.0000000
15.940,CaptureTransfer,6,0.0000000,0.0000000
15.960,CaptureTransfer,6,0.0000000,0.0000000
15.980,CaptureTransfer,6,0.0000000,0.0000000
16.000,CaptureTransfer,6,0.0000000,0.0000000
16.020,CaptureTransfer,6,0.0000000,0.0000000
16.040,CaptureTransfer,6,0.0000000,0.0000000
16.060,CaptureTransfer,6,0.0000000,0.0000000
16.080,CaptureTransfer,6,0.0000000,0.0000000
16.100,CaptureTransfer,6,0.0000000,0.0000000
16.120,CaptureTransfer,6,0.0000000,0.0000000
16.140,CaptureTransfer,6,0.0000000,0.0000000
16.160,CaptureTransfer,6,0.0000000,0.0000000
16.180,CaptureTransfer,6,0.0000000,0.0000000
16.200,CaptureTransfer,6,0.0000000,0.0000000
16.220,CaptureTransfer,6,0.0000000,0.0000000
16.240,CaptureTransfer,6,0.0000000,0.0000000
16.260,CaptureTransfer,6,0.0000000,0.0000000
16.280,CaptureTransfer,6,0.0000000,0.0000000
16.300,CaptureTransfer,6,0.0000000,0.0000000
16.320,CaptureTransfer,6,0.0000000,0.0000000
16.340,CaptureTransfer,6,0.0000000,0.0000000
16.360,CaptureTransfer,6,0.0000000,0.0000000
16.380,CaptureTransfer,6,0.0000000,0.0000000
16.400,CaptureTransfer,6,0.0000000,0.0000000
16.420,CaptureTransfer,6,0.0000000,0.0000000
16.440,CaptureTransfer,6,0.0000000,0.0000000
16.460,CaptureTransfer,6,0.0000000,0.0000000
16.480,CaptureTransfer,6,0.0000000,0.0000000
16.500,CaptureTransfer,6,0.0000000,0.0000000
16.520,CaptureTransfer,6,0.0000000,0.0000000
16.540,CaptureTransfer,6,0.0000000,0.0000000
16.560,CaptureTransfer,6,0.0000000,0.0000000
16.580,CaptureTransfer,6,0.0000000,0.0000000
16.600,CaptureTransfer,6,0.0000000,0.0000000
16.620,CaptureTransfer,6,0.0000000,0.0000000
16.640,CaptureTransfer,6,0.0000000,0.0000000
16.660,CaptureTransfer,6,0.0000000,0.0000000
16.680,CaptureTransfer,6,0.0000000,0.0000000
16.700,CaptureTransfer,6,0.0000000,0.0000000
16.720,CaptureTransfer,6,0.0000000,0.0000000
16.740,CaptureTransfer,6,0.0000000,0.0000000
16.760,CaptureTransfer,6,0.0000000,0.0000000
16.780,CaptureTransfer,6,0.0000000,0.0000000
16.800,CaptureTransfer,6,0.0000000,0.0000000
16.820,CaptureTransfer,6,0.0000000,0.0000000
16.840,CaptureTransfer,6,0.0000000,0.0000000
16.860,CaptureTransfer,6,0.0000000,0.0000000
16.880,CaptureTransfer,6,0.0000000,0.0000000
16.900,CaptureTransfer,6,0.0000000,0.0000000
16.920,CaptureTransfer,6,0.0000000,0.0000000
16.940,CaptureTransfer,6,0.0000000,0.0000000
16.960,CaptureTransfer,6,0.0000000,0.0000000
16.980,CaptureTransfer,6,0.0000000,0.0000000
17.000,CaptureTransfer,6,0.0000000,0.0000000
17.020,CaptureTransfer,6,0.0000000,0.0000000
17.040,CaptureTransfer,6,0.0000000,0.0000000
17.060,CaptureTransfer,6,0.0000000,0.0000000
17.080,CaptureTransfer,6,0.0000000,0.0000000
17.100,CaptureTransfer,6,0.0000000,0.0000000
17.120,CaptureTransfer,6,0.0000000,0.0000000
17.140,CaptureTransfer,6,0.0000000,0.0000000
17.160,CaptureTransfer,6,0.0000000,0.0000000
17.180,CaptureTransfer,6,0.0000000,0.0000000
17.200,CaptureTransfer,6,0.0000000,0.0000000
17.220,CaptureTransfer,6,0.0000000,0.0000000
17.240,CaptureTransfer,6,0.0000000,0.0000000
17.260,CaptureTransfer,6,0.0000000,0.0000000
17.280,CaptureTransfer,6,0.0000000,0.0000000
17.300,CaptureTransfer,6,0.0000000,0.0000000
17.320,CaptureTransfer,6,0.0000000,0.0000000
17.340,CaptureTransfer,6,0.0000000,0.0000000
17.360,CaptureTransfer,6,0.0000000,0.0000000
17.380,CaptureTransfer,6,0.0000000,0.0000000
17.400,CaptureTransfer,6,0.0000000,0.0000000
17.420,CaptureTransfer,6,0.0000000,0.0000000
17.440,CaptureTransfer,6,0.0000000,0.0000000
17.460,CaptureTransfer,6,0.0000000,0.0000000
17.480,CaptureTransfer,6,0.0000000,0.0000000
17.500,CaptureTransfer,6,0.0000000,0.0000000
17.520,CaptureTransfer,6,0.0000000,0.0000000
17.540,CaptureTransfer,6,0.0000000,0.0000000
17.560,CaptureTransfer,6,0.0000000,0.0000000
17.580,CaptureTransfer,6,0.0000000,0.0000000
17.600,CaptureTransfer,6,0.0000000,0.0000000
17.620,CaptureTransfer,6,0.0000000,0.0000000
17.640,CaptureTransfer,6,0.0000000,0.0000000
17.660,CaptureTransfer,6,0.0000000,0.0000000
17.680,CaptureTransfer,6,0.0000000,0.0000000
17.700,CaptureTransfer,6,0.0000000,0.0000000
17.720,CaptureTransfer,6,0.0000000,0.0000000
17.740,CaptureTransfer,6,0.0000000,0.0000000
17.760,CaptureTransfer,6,0.0000000,0.0000000
17.780,CaptureTransfer,6,0.0000000,0.0000000
17.800,CaptureTransfer,6,0.0000000,0.0000000
17.820,CaptureTransfer,6,0.0000000,0.0000000
17.840,CaptureTransfer,6,0.0000000,0.0000000
17.860,CaptureTransfer,6,0.0000000,0.0000000
17.880,CaptureTransfer,6,0.0000000,0.0000000
17.900,CaptureTransfer,6,0.0000000,0.0000000
17.920,CaptureTransfer,6,0.0000000,0.0000000
17.940,CaptureTransfer,6,0.0000000,0.0000000
17.960,CaptureTransfer,6,0.0000000,0.0000000
17.980,CaptureTransfer,6,0.0000000,0.0000000
18.000,CaptureTransfer,6,0.0000000,0.0000000
18.020,CaptureTransfer,6,0.0000000,0.0000000
18.040,Retreat,6,0.0000000,0.0000000
18.060,Retreat,6,0.0000000,0.0000000
18.080,Retreat,6,0.0000000,0.0000000
18.100,Retreat,6,0.0000000,0.0000000
18.120,Retreat,6,0.0000000,0.0000000
18.140,Retreat,6,0.0000000,0.0000000
18.160,Retreat,6,0.0000000,0.0000000
18.180,Retreat,6,0.0000000,0.0000000
18.200,Retreat,6,0.0000000,0.0000000
18.220,Retreat,6,0.0000000,0.0000000
18.240,Retreat,6,0.0000000,0.0000000
18.260,Retreat,6,0.0000000,0.0000000
18.280,Retreat,6,0.0000000,0.0000000
18.300,Retreat,6,0.0000000,0.0000000
18.320,Retreat,6,0.0000000,0.0000000
18.340,Retreat,6,0.0000000,0.0000000
18.360,Retreat,6,0.0000000,0.0000000
18.380,Retreat,6,0.0000000,0.0000000
18.400,Retreat,6,0.0000000,0.0000000
18.420,Retreat,6,0.0000000,0.0000000
18.440,Retreat,6,0.0000000,0.0000000
18.460,Retreat,6,0.0000000,0.0000000
18.480,Retreat,6,0.0000000,0.0000000
18.500,Retreat,6,0.0000000,0.0000000
18.520,Retreat,6,0.0000000,0.0000000
18.540,Retreat,6,0.0000000,0.0000000
18.560,Retreat,6,0.0000000,0.0000000
18.580,Retreat,6,0.0000000,0.0000000
18.600,Completed,6,0.0000000,0.0000000
18.620,Completed,6,0.0000000,0.0000000
18.640,Completed,6,0.0000000,0.0000000
18.660,Completed,6,0.0000000,0.0000000
18.680,Completed,6,0.0000000,0.0000000
18.700,Completed,6,0.0000000,0.0000000
18.720,Completed,6,0.0000000,0.0000000
18.740,Completed,6,0.0000000,0.0000000
18.760,Completed,6,0.0000000,0.0000000
18.780,Completed,6,0.0000000,0.0000000
18.800,Completed,6,0.0000000,0.0000000
18.820,Completed,6,0.0000000,0.0000000
18.840,Completed,6,0.0000000,0.0000000
18.860,Completed,6,0.0000000,0.0000000
18.880,Completed,6,0.0000000,0.0000000
18.900,Completed,6,0.0000000,0.0000000
18.920,Completed,6,0.0000000,0.0000000
18.940,Completed,6,0.0000000,0.0000000
18.960,Completed,6,0.0000000,0.0000000
18.980,Completed,6,0.0000000,0.0000000
19.000,Completed,6,0.0000000,0.0000000
19.020,Completed,6,0.0000000,0.0000000
19.040,Completed,6,0.0000000,0.0000000
19.060,Completed,6,0.0000000,0.0000000
19.080,Completed,6,0.0000000,0.0000000
19.100,Completed,6,0.0000000,0.0000000
19.120,Completed,6,0.0000000,0.0000000
19.140,Completed,6,0.0000000,0.0000000
19.160,Completed,6,0.0000000,0.0000000
19.180,Completed,6,0.0000000,0.0000000
19.200,Completed,6,0.0000000,0.0000000
19.220,Completed,6,0.0000000,0.0000000
19.240,Completed,6,0.0000000,0.0000000
19.260,Completed,6,0.0000000,0.0000000
19.280,Completed,6,0.0000000,0.0000000
19.300,Completed,6,0.0000000,0.0000000
19.320,Completed,6,0.0000000,0.0000000
19.340,Completed,6,0.0000000,0.0000000
19.360,Completed,6,0.0000000,0.0000000
19.380,Completed,6,0.0000000,0.0000000
19.400,Completed,6,0.0000000,0.0000000
19.420,Completed,6,0.0000000,0.0000000
19.440,Completed,6,0.0000000,0.0000000
19.460,Completed,6,0.0000000,0.0000000
19.480,Completed,6,0.0000000,0.0000000
19.500,Completed,6,0.0000000,0.0000000
19.520,Completed,6,0.0000000,0.0000000
19.540,Completed,6,0.0000000,0.0000000
19.560,Completed,6,0.0000000,0.0000000
19.580,Completed,6,0.0000000,0.0000000
19.600,Completed,6,0.0000000,0.0000000
19.620,Completed,6,0.0000000,0.0000000
19.640,Completed,6,0.0000000,0.0000000
19.660,Completed,6,0.0000000,0.0000000
19.680,Completed,6,0.0000000,0.0000000
19.700,Completed,6,0.0000000,0.0000000
19.720,Completed,6,0.0000000,0.0000000
19.740,Completed,6,0.0000000,0.0000000
19.760,Completed,6,0.0000000,0.0000000
19.780,Completed,6,0.0000000,0.0000000
19.800,Completed,6,0.0000000,0.0000000
19.820,Completed,6,0.0000000,0.0000000
19.840,Completed,6,0.0000000,0.0000000
19.860,Completed,6,0.0000000,0.0000000
19.880,Completed,6,0.0000000,0.0000000
19.900,Completed,6,0.0000000,0.0000000
19.920,Completed,6,0.0000000,0.0000000
19.940,Completed,6,0.0000000,0.0000000
19.960,Completed,6,0.0000000,0.0000000
19.980,Completed,6,0.0000000,0.0000000
20.000,Completed,6,0.0000000,0.0000000
20.020,Completed,6,0.0000000,0.0000000
20.040,Completed,6,0.0000000,0.0000000
20.060,Completed,6,0.0000000,0.0000000
20.080,Completed,6,0.0000000,0.0000000
20.100,Completed,6,0.0000000,0.0000000
20.120,Completed,6,0.0000000,0.0000000
20.140,Completed,6,0.0000000,0.0000000
20.160,Completed,6,0.0000000,0.0000000
20.180,Completed,6,0.0000000,0.0000000
20.200,Completed,6,0.0000000,0.0000000
20.220,Completed,6,0.0000000,0.0000000
20.240,Completed,6,0.0000000,0.0000000
20.260,Completed,6,0.0000000,0.0000000
20.280,Completed,6,0.0000000,0.0000000
20.300,Completed,6,0.0000000,0.0000000
20.320,Completed,6,0.0000000,0.0000000
20.340,Completed,6,0.0000000,0.0000000
20.360,Completed,6,0.0000000,0.0000000
20.380,Completed,6,0.0000000,0.0000000
20.400,Completed,6,0.0000000,0.0000000
20.420,Completed,6,0.0000000,0.0000000
20.440,Completed,6,0.0000000,0.0000000
20.460,Completed,6,0.0000000,0.0000000
20.480,Completed,6,0.0000000,0.0000000
20.500,Completed,6,0.0000000,0.0000000
20.520,Completed,6,0.0000000,0.0000000
20.540,Completed,6,0.0000000,0.0000000
20.560,Completed,6,0.0000000,0.0000000
20.580,Completed,6,0.0000000,0.0000000
20.600,Completed,6,0.0000000,0.0000000
20.620,Completed,6,0.0000000,0.0000000
20.640,Completed,6,0.0000000,0.0000000
20.660,Completed,6,0.0000000,0.0000000
20.680,Completed,6,0.0000000,0.0000000
20.700,Completed,6,0.0000000,0.0000000
20.720,Completed,6,0.0000000,0.0000000
20.740,Completed,6,0.0000000,0.0000000
20.760,Completed,6,0.0000000,0.0000000
20.780,Completed,6,0.0000000,0.0000000
20.800,Completed,6,0.0000000,0.0000000
20.820,Completed,6,0.0000000,0.0000000
20.840,Completed,6,0.0000000,0.0000000
20.860,Completed,6,0.0000000,0.0000000
20.880,Completed,6,0.0000000,0.0000000
20.900,Completed,6,0.0000000,0.0000000
20.920,Completed,6,0.0000000,0.0000000
20.940,Completed,6,0.0000000,0.0000000
20.960,Completed,6,0.0000000,0.0000000
20.980,Completed,6,0.0000000,0.0000000
21.000,Completed,6,0.0000000,0.0000000
21.020,Completed,6,0.0000000,0.0000000
21.040,Completed,6,0.0000000,0.0000000
21.060,Completed,6,0.0000000,0.0000000
21.080,Completed,6,0.0000000,0.0000000
21.100,Completed,6,0.0000000,0.0000000
21.120,Completed,6,0.0000000,0.0000000
21.140,Completed,6,0.0000000,0.0000000
21.160,Completed,6,0.0000000,0.0000000
21.180,Completed,6,0.0000000,0.0000000
21.200,Completed,6,0.0000000,0.0000000
21.220,Completed,6,0.0000000,0.0000000
21.240,Completed,6,0.0000000,0.0000000
21.260,Completed,6,0.0000000,0.0000000
21.280,Completed,6,0.0000000,0.0000000
21.300,Completed,6,0.0000000,0.0000000
21.320,Completed,6,0.0000000,0.0000000
21.340,Completed,6,0.0000000,0.0000000
21.360,Completed,6,0.0000000,0.0000000
21.380,Completed,6,0.0000000,0.0000000
21.400,Completed,6,0.0000000,0.0000000
21.420,Completed,6,0.0000000,0.0000000
21.440,Completed,6,0.0000000,0.0000000
21.460,Completed,6,0.0000000,0.0000000
21.480,Completed,6,0.0000000,0.0000000
21.500,Completed,6,0.0000000,0.0000000
21.520,Completed,6,0.0000000,0.0000000
21.540,Completed,6,0.0000000,0.0000000
21.560,Completed,6,0.0000000,0.0000000
21.580,Completed,6,0.0000000,0.0000000
21.600,Completed,6,0.0000000,0.0000000
21.620,Completed,6,0.0000000,0.0000000
21.640,Completed,6,0.0000000,0.0000000
21.660,Completed,6,0.0000000,0.0000000
21.680,Completed,6,0.0000000,0.0000000
21.700,Completed,6,0.0000000,0.0000000
21.720,Completed,6,0.0000000,0.0000000
21.740,Completed,6,0.0000000,0.0000000
21.760,Completed,6,0.0000000,0.0000000
21.780,Completed,6,0.0000000,0.0000000
21.800,Completed,6,0.0000000,0.0000000
21.820,Completed,6,0.0000000,0.0000000
21.840,Completed,6,0.0000000,0.0000000
21.860,Completed,6,0.0000000,0.0000000
21.880,Completed,6,0.0000000,0.0000000
21.900,Completed,6,0.0000000,0.0000000
21.920,Completed,6,0.0000000,0.0000000
21.940,Completed,6,0.0000000,0.0000000
21.960,Completed,6,0.0000000,0.0000000
21.980,Completed,6,0.0000000,0.0000000
22.000,Completed,6,0.0000000,0.0000000
22.020,Completed,6,0.0000000,0.0000000
22.040,Completed,6,0.0000000,0.0000000
22.060,Completed,6,0.0000000,0.0000000
22.080,Completed,6,0.0000000,0.0000000
22.100,Completed,6,0.0000000,0.0000000
22.120,Completed,6,0.0000000,0.0000000
22.140,Completed,6,0.0000000,0.0000000
22.160,Completed,6,0.0000000,0.0000000
22.180,Completed,6,0.0000000,0.0000000
22.200,Completed,6,0.0000000,0.0000000
22.220,Completed,6,0.0000000,0.0000000
22.240,Completed,6,0.0000000,0.0000000
22.260,Completed,6,0.0000000,0.0000000
22.280,Completed,6,0.0000000,0.0000000
22.300,Completed,6,0.0000000,0.0000000
22.320,Completed,6,0.0000000,0.0000000
22.340,Completed,6,0.0000000,0.0000000
22.360,Completed,6,0.0000000,0.0000000
22.380,Completed,6,0.0000000,0.0000000
22.400,Completed,6,0.0000000,0.0000000
22.420,Completed,6,0.0000000,0.0000000
22.440,Completed,6,0.0000000,0.0000000
22.460,Completed,6,0.0000000,0.0000000
22.480,Completed,6,0.0000000,0.0000000
22.500,Completed,6,0.0000000,0.0000000
22.520,Completed,6,0.0000000,0.0000000
22.540,Completed,6,0.0000000,0.0000000
22.560,Completed,6,0.0000000,0.0000000
22.580,Completed,6,0.0000000,0.0000000
22.600,Completed,6,0.0000000,0.0000000
22.620,Completed,6,0.0000000,0.0000000
22.640,Completed,6,0.0000000,0.0000000
22.660,Completed,6,0.0000000,0.0000000
22.680,Completed,6,0.0000000,0.0000000
22.700,Completed,6,0.0000000,0.0000000
22.720,Completed,6,0.0000000,0.0000000
22.740,Completed,6,0.0000000,0.0000000
22.760,Completed,6,0.0000000,0.0000000
22.780,Completed,6,0.0000000,0.0000000
22.800,Completed,6,0.0000000,0.0000000
22.820,Completed,6,0.0000000,0.0000000
22.840,Completed,6,0.0000000,0.0000000
22.860,Completed,6,0.0000000,0.0000000
22.880,Completed,6,0.0000000,0.0000000
22.900,Completed,6,0.0000000,0.0000000
22.920,Completed,6,0.0000000,0.0000000
22.940,Completed,6,0.0000000,0.0000000
22.960,Completed,6,0.0000000,0.0000000
22.980,Completed,6,0.0000000,0.0000000
23.000,Completed,6,0.0000000,0.0000000
23.020,Completed,6,0.0000000,0.0000000
23.040,Completed,6,0.0000000,0.0000000
23.060,Completed,6,0.0000000,0.0000000
23.080,Completed,6,0.0000000,0.0000000
23.100,Completed,6,0.0000000,0.0000000
23.120,Completed,6,0.0000000,0.0000000
23.140,Completed,6,0.0000000,0.0000000
23.160,Completed,6,0.0000000,0.0000000
23.180,Completed,6,0.0000000,0.0000000
23.200,Completed,6,0.0000000,0.0000000
23.220,Completed,6,0.0000000,0.0000000
23.240,Completed,6,0.0000000,0.0000000
23.260,Completed,6,0.0000000,0.0000000
23.280,Completed,6,0.0000000,0.0000000
23.300,Completed,6,0.0000000,0.0000000
23.320,Completed,6,0.0000000,0.0000000
23.340,Completed,6,0.0000000,0.0000000
23.360,Completed,6,0.0000000,0.0000000
23.380,Completed,6,0.0000000,0.0000000
23.400,Completed,6,0.0000000,0.0000000
23.420,Completed,6,0.0000000,0.0000000
23.440,Completed,6,0.0000000,0.0000000
23.460,Completed,6,0.0000000,0.0000000
23.480,Completed,6,0.0000000,0.0000000
23.500,Completed,6,0.0000000,0.0000000
23.520,Completed,6,0.0000000,0.0000000
23.540,Completed,6,0.0000000,0.0000000
23.560,Completed,6,0.0000000,0.0000000
23.580,Completed,6,0.0000000,0.0000000
23.600,Completed,6,0.0000000,0.0000000
23.620,Completed,6,0.0000000,0.0000000
23.640,Completed,6,0.0000000,0.0000000
23.660,Completed,6,0.0000000,0.0000000
23.680,Completed,6,0.0000000,0.0000000
23.700,Completed,6,0.0000000,0.0000000
23.720,Completed,6,0.0000000,0.0000000
23.740,Completed,6,0.0000000,0.0000000
23.760,Completed,6,0.0000000,0.0000000
23.780,Completed,6,0.0000000,0.0000000
23.800,Completed,6,0.0000000,0.0000000
23.820,Completed,6,0.0000000,0.0000000
23.840,Completed,6,0.0000000,0.0000000
23.860,Completed,6,0.0000000,0.0000000
23.880,Completed,6,0.0000000,0.0000000
23.900,Completed,6,0.0000000,0.0000000
23.920,Completed,6,0.0000000,0.0000000
23.940,Completed,6,0.0000000,0.0000000
23.960,Completed,6,0.0000000,0.0000000
23.980,Completed,6,0.0000000,0.0000000
24.000,Completed,6,0.0000000,0.0000000
24.020,Completed,6,0.0000000,0.0000000
24.040,Completed,6,0.0000000,0.0000000
24.060,Completed,6,0.0000000,0.0000000
24.080,Completed,6,0.0000000,0.0000000
24.100,Completed,6,0.0000000,0.0000000
24.120,Completed,6,0.0000000,0.0000000
24.140,Completed,6,0.0000000,0.0000000
24.160,Completed,6,0.0000000,0.0000000
24.180,Completed,6,0.0000000,0.0000000
24.200,Completed,6,0.0000000,0.0000000
24.220,Completed,6,0.0000000,0.0000000
24.240,Completed,6,0.0000000,0.0000000
24.260,Completed,6,0.0000000,0.0000000
24.280,Completed,6,0.0000000,0.0000000
24.300,Completed,6,0.0000000,0.0000000
24.320,Completed,6,0.0000000,0.0000000
24.340,Completed,6,0.0000000,0.0000000
24.360,Completed,6,0.0000000,0.0000000
24.380,Completed,6,0.0000000,0.0000000
24.400,Completed,6,0.0000000,0.0000000
24.420,Completed,6,0.0000000,0.0000000
24.440,Completed,6,0.0000000,0.0000000
24.460,Completed,6,0.0000000,0.0000000
24.480,Completed,6,0.0000000,0.0000000
24.500,Completed,6,0.0000000,0.0000000
24.520,Completed,6,0.0000000,0.0000000
24.540,Completed,6,0.0000000,0.0000000
24.560,Completed,6,0.0000000,0.0000000
24.580,Completed,6,0.0000000,0.0000000
24.600,Completed,6,0.0000000,0.0000000
24.620,Completed,6,0.0000000,0.0000000
24.640,Completed,6,0.0000000,0.0000000
24.660,Completed,6,0.0000000,0.0000000
24.680,Completed,6,0.0000000,0.0000000
24.700,Completed,6,0.0000000,0.0000000
24.720,Completed,6,0.0000000,0.0000000
24.740,Completed,6,0.0000000,0.0000000
24.760,Completed,6,0.0000000,0.0000000
24.780,Completed,6,0.0000000,0.0000000
24.800,Completed,6,0.0000000,0.0000000
24.820,Completed,6,0.0000000,0.0000000
24.840,Completed,6,0.0000000,0.0000000
24.860,Completed,6,0.0000000,0.0000000
24.880,Completed,6,0.0000000,0.0000000
24.900,Completed,6,0.0000000,0.0000000
24.920,Completed,6,0.0000000,0.0000000
24.940,Completed,6,0.0000000,0.0000000
24.960,Completed,6,0.0000000,0.0000000
24.980,Completed,6,0.0000000,0.0000000
25.000,Completed,6,0.0000000,0.0000000
25.020,Completed,6,0.0000000,0.0000000
25.040,Completed,6,0.0000000,0.0000000
25.060,Completed,6,0.0000000,0.0000000
25.080,Completed,6,0.0000000,0.0000000
25.100,Completed,6,0.0000000,0.0000000
25.120,Completed,6,0.0000000,0.0000000
25.140,Completed,6,0.0000000,0.0000000
25.160,Completed,6,0.0000000,0.0000000
25.180,Completed,6,0.0000000,0.0000000
25.200,Completed,6,0.0000000,0.0000000
25.220,Completed,6,0.0000000,0.0000000
25.240,Completed,6,0.0000000,0.0000000
25.260,Completed,6,0.0000000,0.0000000
25.280,Completed,6,0.0000000,0.0000000
25.300,Completed,6,0.0000000,0.0000000
25.320,Completed,6,0.0000000,0.0000000
25.340,Completed,6,0.0000000,0.0000000
25.360,Completed,6,0.0000000,0.0000000
25.380,Completed,6,0.0000000,0.0000000
25.400,Completed,6,0.0000000,0.0000000
25.420,Completed,6,0.0000000,0.0000000
25.440,Completed,6,0.0000000,0.0000000
25.460,Completed,6,0.0000000,0.0000000
25.480,Completed,6,0.0000000,0.0000000
25.500,Completed,6,0.0000000,0.0000000
25.520,Completed,6,0.0000000,0.0000000
25.540,Completed,6,0.0000000,0.0000000
25.560,Completed,6,0.0000000,0.0000000
25.580,Completed,6,0.0000000,0.0000000
25.600,Completed,6,0.0000000,0.0000000
25.620,Completed,6,0.0000000,0.0000000
25.640,Completed,6,0.0000000,0.0000000
25.660,Completed,6,0.0000000,0.0000000
25.680,Completed,6,0.0000000,0.0000000
25.700,Completed,6,0.0000000,0.0000000
25.720,Completed,6,0.0000000,0.0000000
25.740,Completed,6,0.0000000,0.0000000
25.760,Completed,6,0.0000000,0.0000000
25.780,Completed,6,0.0000000,0.0000000
25.800,Completed,6,0.0000000,0.0000000
25.820,Completed,6,0.0000000,0.0000000
25.840,Completed,6,0.0000000,0.0000000
25.860,Completed,6,0.0000000,0.0000000
25.880,Completed,6,0.0000000,0.0000000
25.900,Completed,6,0.0000000,0.0000000
25.920,Completed,6,0.0000000,0.0000000
25.940,Completed,6,0.0000000,0.0000000
25.960,Completed,6,0.0000000,0.0000000
25.980,Completed,6,0.0000000,0.0000000
26.000,Completed,6,0.0000000,0.0000000
26.020,Completed,6,0.0000000,0.0000000
26.040,Completed,6,0.0000000,0.0000000
26.060,Completed,6,0.0000000,0.0000000
26.080,Completed,6,0.0000000,0.0000000
26.100,Completed,6,0.0000000,0.0000000
26.120,Completed,6,0.0000000,0.0000000
26.140,Completed,6,0.0000000,0.0000000
26.160,Completed,6,0.0000000,0.0000000
26.180,Completed,6,0.0000000,0.0000000
26.200,Completed,6,0.0000000,0.0000000
26.220,Completed,6,0.0000000,0.0000000
26.240,Completed,6,0.0000000,0.0000000
26.260,Completed,6,0.0000000,0.0000000
26.280,Completed,6,0.0000000,0.0000000
26.300,Completed,6,0.0000000,0.0000000
26.320,Completed,6,0.0000000,0.0000000
26.340,Completed,6,0.0000000,0.0000000
26.360,Completed,6,0.0000000,0.0000000
26.380,Completed,6,0.0000000,0.0000000
26.400,Completed,6,0.0000000,0.0000000
26.420,Completed,6,0.0000000,0.0000000
26.440,Completed,6,0.0000000,0.0000000
26.460,Completed,6,0.0000000,0.0000000
26.480,Completed,6,0.0000000,0.0000000
26.500,Completed,6,0.0000000,0.0000000
26.520,Completed,6,0.0000000,0.0000000
26.540,Completed,6,0.0000000,0.0000000
26.560,Completed,6,0.0000000,0.0000000
26.580,Completed,6,0.0000000,0.0000000
26.600,Completed,6,0.0000000,0.0000000
26.620,Completed,6,0.0000000,0.0000000
26.640,Completed,6,0.0000000,0.0000000
26.660,Completed,6,0.0000000,0.0000000
26.680,Completed,6,0.0000000,0.0000000
26.700,Completed,6,0.0000000,0.0000000
26.720,Completed,6,0.0000000,0.0000000
26.740,Completed,6,0.0000000,0.0000000
26.760,Completed,6,0.0000000,0.0000000
26.780,Completed,6,0.0000000,0.0000000
26.800,Completed,6,0.0000000,0.0000000
26.820,Completed,6,0.0000000,0.0000000
26.840,Completed,6,0.0000000,0.0000000
26.860,Completed,6,0.0000000,0.0000000
26.880,Completed,6,0.0000000,0.0000000
26.900,Completed,6,0.0000000,0.0000000
26.920,Completed,6,0.0000000,0.0000000
26.940,Completed,6,0.0000000,0.0000000
26.960,Completed,6,0.0000000,0.0000000
26.980,Completed,6,0.0000000,0.0000000
27.000,Completed,6,0.0000000,0.0000000
27.020,Completed,6,0.0000000,0.0000000
27.040,Completed,6,0.0000000,0.0000000
27.060,Completed,6,0.0000000,0.0000000
27.080,Completed,6,0.0000000,0.0000000
27.100,Completed,6,0.0000000,0.0000000
27.120,Completed,6,0.0000000,0.0000000
27.140,Completed,6,0.0000000,0.0000000
27.160,Completed,6,0.0000000,0.0000000
27.180,Completed,6,0.0000000,0.0000000
27.200,Completed,6,0.0000000,0.0000000
27.220,Completed,6,0.0000000,0.0000000
27.240,Completed,6,0.0000000,0.0000000
27.260,Completed,6,0.0000000,0.0000000
27.280,Completed,6,0.0000000,0.0000000
27.300,Completed,6,0.0000000,0.0000000
27.320,Completed,6,0.0000000,0.0000000
27.340,Completed,6,0.0000000,0.0000000
27.360,Completed,6,0.0000000,0.0000000
27.380,Completed,6,0.0000000,0.0000000
27.400,Completed,6,0.0000000,0.0000000
27.420,Completed,6,0.0000000,0.0000000
27.440,Completed,6,0.0000000,0.0000000
27.460,Completed,6,0.0000000,0.0000000
27.480,Completed,6,0.0000000,0.0000000
27.500,Completed,6,0.0000000,0.0000000
27.520,Completed,6,0.0000000,0.0000000
27.540,Completed,6,0.0000000,0.0000000
27.560,Completed,6,0.0000000,0.0000000
27.580,Completed,6,0.0000000,0.0000000
27.600,Completed,6,0.0000000,0.0000000
27.620,Completed,6,0.0000000,0.0000000
27.640,Completed,6,0.0000000,0.0000000
27.660,Completed,6,0.0000000,0.0000000
27.680,Completed,6,0.0000000,0.0000000
27.700,Completed,6,0.0000000,0.0000000
27.720,Completed,6,0.0000000,0.0000000
27.740,Completed,6,0.0000000,0.0000000
27.760,Completed,6,0.0000000,0.0000000
27.780,Completed,6,0.0000000,0.0000000
27.800,Completed,6,0.0000000,0.0000000
27.820,Completed,6,0.0000000,0.0000000
27.840,Completed,6,0.0000000,0.0000000
27.860,Completed,6,0.0000000,0.0000000
27.880,Completed,6,0.0000000,0.0000000
27.900,Completed,6,0.0000000,0.0000000
27.920,Completed,6,0.0000000,0.0000000
27.940,Completed,6,0.0000000,0.0000000
27.960,Completed,6,0.0000000,0.0000000
27.980,Completed,6,0.0000000,0.0000000
28.000,Completed,6,0.0000000,0.0000000
28.020,Completed,6,0.0000000,0.0000000
28.040,Completed,6,0.0000000,0.0000000
28.060,Completed,6,0.0000000,0.0000000
28.080,Completed,6,0.0000000,0.0000000
28.100,Completed,6,0.0000000,0.0000000
28.120,Completed,6,0.0000000,0.0000000
28.140,Completed,6,0.0000000,0.0000000
28.160,Completed,6,0.0000000,0.0000000
28.180,Completed,6,0.0000000,0.0000000
28.200,Completed,6,0.0000000,0.0000000
28.220,Completed,6,0.0000000,0.0000000
28.240,Completed,6,0.0000000,0.0000000
28.260,Completed,6,0.0000000,0.0000000
28.280,Completed,6,0.0000000,0.0000000
28.300,Completed,6,0.0000000,0.0000000
28.320,Completed,6,0.0000000,0.0000000
28.340,Completed,6,0.0000000,0.0000000
28.360,Completed,6,0.0000000,0.0000000
28.380,Completed,6,0.0000000,0.0000000
28.400,Completed,6,0.0000000,0.0000000
28.420,Completed,6,0.0000000,0.0000000
28.440,Completed,6,0.0000000,0.0000000
28.460,Completed,6,0.0000000,0.0000000
28.480,Completed,6,0.0000000,0.0000000
28.500,Completed,6,0.0000000,0.0000000
28.520,Completed,6,0.0000000,0.0000000
28.540,Completed,6,0.0000000,0.0000000
28.560,Completed,6,0.0000000,0.0000000
28.580,Completed,6,0.0000000,0.0000000
28.600,Completed,6,0.0000000,0.0000000
28.620,Completed,6,0.0000000,0.0000000
28.640,Completed,6,0.0000000,0.0000000
28.660,Completed,6,0.0000000,0.0000000
28.680,Completed,6,0.0000000,0.0000000
28.700,Completed,6,0.0000000,0.0000000
28.720,Completed,6,0.0000000,0.0000000
28.740,Completed,6,0.0000000,0.0000000
28.760,Completed,6,0.0000000,0.0000000
28.780,Completed,6,0.0000000,0.0000000
28.800,Completed,6,0.0000000,0.0000000
28.820,Completed,6,0.0000000,0.0000000
28.840,Completed,6,0.0000000,0.0000000
28.860,Completed,6,0.0000000,0.0000000
28.880,Completed,6,0.0000000,0.0000000
28.900,Completed,6,0.0000000,0.0000000
28.920,Completed,6,0.0000000,0.0000000
28.940,Completed,6,0.0000000,0.0000000
28.960,Completed,6,0.0000000,0.0000000
28.980,Completed,6,0.0000000,0.0000000
29.000,Completed,6,0.0000000,0.0000000
29.020,Completed,6,0.0000000,0.0000000
29.040,Completed,6,0.0000000,0.0000000
29.060,Completed,6,0.0000000,0.0000000
29.080,Completed,6,0.0000000,0.0000000
29.100,Completed,6,0.0000000,0.0000000
29.120,Completed,6,0.0000000,0.0000000
29.140,Completed,6,0.0000000,0.0000000
29.160,Completed,6,0.0000000,0.0000000
29.180,Completed,6,0.0000000,0.0000000
29.200,Completed,6,0.0000000,0.0000000
29.220,Completed,6,0.0000000,0.0000000
29.240,Completed,6,0.0000000,0.0000000
29.260,Completed,6,0.0000000,0.0000000
29.280,Completed,6,0.0000000,0.0000000
29.300,Completed,6,0.0000000,0.0000000
29.320,Completed,6,0.0000000,0.0000000
29.340,Completed,6,0.0000000,0.0000000
29.360,Completed,6,0.0000000,0.0000000
29.380,Completed,6,0.0000000,0.0000000
29.400,Completed,6,0.0000000,0.0000000
29.420,Completed,6,0.0000000,0.0000000
29.440,Completed,6,0.0000000,0.0000000
29.460,Completed,6,0.0000000,0.0000000
29.480,Completed,6,0.0000000,0.0000000
29.500,Completed,6,0.0000000,0.0000000
29.520,Completed,6,0.0000000,0.0000000
29.540,Completed,6,0.0000000,0.0000000
29.560,Completed,6,0.0000000,0.0000000
29.580,Completed,6,0.0000000,0.0000000
29.600,Completed,6,0.0000000,0.0000000
29.620,Completed,6,0.0000000,0.0000000
29.640,Completed,6,0.0000000,0.0000000
29.660,Completed,6,0.0000000,0.0000000
29.680,Completed,6,0.0000000,0.0000000
29.700,Completed,6,0.0000000,0.0000000
29.720,Completed,6,0.0000000,0.0000000
29.740,Completed,6,0.0000000,0.0000000
29.760,Completed,6,0.0000000,0.0000000
29.780,Completed,6,0.0000000,0.0000000
29.800,Completed,6,0.0000000,0.0000000
29.820,Completed,6,0.0000000,0.0000000
29.840,Completed,6,0.0000000,0.0000000
29.860,Completed,6,0.0000000,0.0000000
29.880,Completed,6,0.0000000,0.0000000
29.900,Completed,6,0.0000000,0.0000000
29.920,Completed,6,0.0000000,0.0000000
29.940,Completed,6,0.0000000,0.0000000
29.960,Completed,6,0.0000000,0.0000000
29.980,Completed,6,0.0000000,0.0000000
30.000,Completed,6,0.0000000,0.0000000
30.020,Completed,6,0.0000000,0.0000000
30.040,Completed,6,0.0000000,0.0000000
30.060,Completed,6,0.0000000,0.0000000
30.080,Completed,6,0.0000000,0.0000000
30.100,Completed,6,0.0000000,0.0000000
30.120,Completed,6,0.0000000,0.0000000
30.140,Completed,6,0.0000000,0.0000000
30.160,Completed,6,0.0000000,0.0000000
30.180,Completed,6,0.0000000,0.0000000
30.200,Completed,6,0.0000000,0.0000000
30.220,Completed,6,0.0000000,0.0000000
30.240,Completed,6,0.0000000,0.0000000
30.260,Completed,6,0.0000000,0.0000000
30.280,Completed,6,0.0000000,0.0000000
30.300,Completed,6,0.0000000,0.0000000
30.320,Completed,6,0.0000000,0.0000000
30.340,Completed,6,0.0000000,0.0000000
30.360,Completed,6,0.0000000,0.0000000
30.380,Completed,6,0.0000000,0.0000000
30.400,Completed,6,0.0000000,0.0000000
30.420,Completed,6,0.0000000,0.0000000
30.440,Completed,6,0.0000000,0.0000000
30.460,Completed,6,0.0000000,0.0000000
30.480,Completed,6,0.0000000,0.0000000
30.500,Completed,6,0.0000000,0.0000000
30.520,Completed,6,0.0000000,0.0000000
30.540,Completed,6,0.0000000,0.0000000
30.560,Completed,6,0.0000000,0.0000000
30.580,Completed,6,0.0000000,0.0000000
30.600,Completed,6,0.0000000,0.0000000
30.620,Completed,6,0.0000000,0.0000000
30.640,Completed,6,0.0000000,0.0000000
30.660,Completed,6,0.0000000,0.0000000
30.680,Completed,6,0.0000000,0.0000000
30.700,Completed,6,0.0000000,0.0000000
30.720,Completed,6,0.0000000,0.0000000
30.740,Completed,6,0.0000000,0.0000000
30.760,Completed,6,0.0000000,0.0000000
30.780,Completed,6,0.0000000,0.0000000
30.800,Completed,6,0.0000000,0.0000000
30.820,Completed,6,0.0000000,0.0000000
30.840,Completed,6,0.0000000,0.0000000
30.860,Completed,6,0.0000000,0.0000000
30.880,Completed,6,0.0000000,0.0000000
30.900,Completed,6,0.0000000,0.0000000
30.920,Completed,6,0.0000000,0.0000000
30.940,Completed,6,0.0000000,0.0000000
30.960,Completed,6,0.0000000,0.0000000
30.980,Completed,6,0.0000000,0.0000000
31.000,Completed,6,0.0000000,0.0000000
31.020,Completed,6,0.0000000,0.0000000
31.040,Completed,6,0.0000000,0.0000000
31.060,Completed,6,0.0000000,0.0000000
31.080,Completed,6,0.0000000,0.0000000
31.100,Completed,6,0.0000000,0.0000000
31.120,Completed,6,0.0000000,0.0000000
31.140,Completed,6,0.0000000,0.0000000
31.160,Completed,6,0.0000000,0.0000000
31.180,Completed,6,0.0000000,0.0000000
31.200,Completed,6,0.0000000,0.0000000
31.220,Completed,6,0.0000000,0.0000000
31.240,Completed,6,0.0000000,0.0000000
31.260,Completed,6,0.0000000,0.0000000
31.280,Completed,6,0.0000000,0.0000000
31.300,Completed,6,0.0000000,0.0000000
31.320,Completed,6,0.0000000,0.0000000
31.340,Completed,6,0.0000000,0.0000000
31.360,Completed,6,0.0000000,0.0000000
31.380,Completed,6,0.0000000,0.0000000
31.400,Completed,6,0.0000000,0.0000000
31.420,Completed,6,0.0000000,0.0000000
31.440,Completed,6,0.0000000,0.0000000
31.460,Completed,6,0.0000000,0.0000000
31.480,Completed,6,0.0000000,0.0000000
31.500,Completed,6,0.0000000,0.0000000
31.520,Completed,6,0.0000000,0.0000000
31.540,Completed,6,0.0000000,0.0000000
31.560,Completed,6,0.0000000,0.0000000
31.580,Completed,6,0.0000000,0.0000000
31.600,Completed,6,0.0000000,0.0000000
31.620,Completed,6,0.0000000,0.0000000
31.640,Completed,6,0.0000000,0.0000000
31.660,Completed,6,0.0000000,0.0000000
31.680,Completed,6,0.0000000,0.0000000
31.700,Completed,6,0.0000000,0.0000000
31.720,Completed,6,0.0000000,0.0000000
31.740,Completed,6,0.0000000,0.0000000
31.760,Completed,6,0.0000000,0.0000000
31.780,Completed,6,0.0000000,0.0000000
31.800,Completed,6,0.0000000,0.0000000
31.820,Completed,6,0.0000000,0.0000000
31.840,Completed,6,0.0000000,0.0000000
31.860,Completed,6,0.0000000,0.0000000
31.880,Completed,6,0.0000000,0.0000000
31.900,Completed,6,0.0000000,0.0000000
31.920,Completed,6,0.0000000,0.0000000
31.940,Completed,6,0.0000000,0.0000000
31.960,Completed,6,0.0000000,0.0000000
31.980,Completed,6,0.0000000,0.0000000
32.000,Completed,6,0.0000000,0.0000000
32.020,Completed,6,0.0000000,0.0000000
32.040,Completed,6,0.0000000,0.0000000
32.060,Completed,6,0.0000000,0.0000000
32.080,Completed,6,0.0000000,0.0000000
32.100,Completed,6,0.0000000,0.0000000
32.120,Completed,6,0.0000000,0.0000000
32.140,Completed,6,0.0000000,0.0000000
32.160,Completed,6,0.0000000,0.0000000
32.180,Completed,6,0.0000000,0.0000000
32.200,Completed,6,0.0000000,0.0000000
32.220,Completed,6,0.0000000,0.0000000
32.240,Completed,6,0.0000000,0.0000000
32.260,Completed,6,0.0000000,0.0000000
32.280,Completed,6,0.0000000,0.0000000
32.300,Completed,6,0.0000000,0.0000000
32.320,Completed,6,0.0000000,0.0000000
32.340,Completed,6,0.0000000,0.0000000
32.360,Completed,6,0.0000000,0.0000000
32.380,Completed,6,0.0000000,0.0000000
32.400,Completed,6,0.0000000,0.0000000
32.420,Completed,6,0.0000000,0.0000000
32.440,Completed,6,0.0000000,0.0000000
32.460,Completed,6,0.0000000,0.0000000
32.480,Completed,6,0.0000000,0.0000000
32.500,Completed,6,0.0000000,0.0000000
32.520,Completed,6,0.0000000,0.0000000
32.540,Completed,6,0.0000000,0.0000000
32.560,Completed,6,0.0000000,0.0000000
32.580,Completed,6,0.0000000,0.0000000
32.600,Completed,6,0.0000000,0.0000000
32.620,Completed,6,0.0000000,0.0000000
32.640,Completed,6,0.0000000,0.0000000
32.660,Completed,6,0.0000000,0.0000000
32.680,Completed,6,0.0000000,0.0000000
32.700,Completed,6,0.0000000,0.0000000
32.720,Completed,6,0.0000000,0.0000000
32.740,Completed,6,0.0000000,0.0000000
32.760,Completed,6,0.0000000,0.0000000
32.780,Completed,6,0.0000000,0.0000000
32.800,Completed,6,0.0000000,0.0000000
32.820,Completed,6,0.0000000,0.0000000
32.840,Completed,6,0.0000000,0.0000000
32.860,Completed,6,0.0000000,0.0000000
32.880,Completed,6,0.0000000,0.0000000
32.900,Completed,6,0.0000000,0.0000000
32.920,Completed,6,0.0000000,0.0000000
32.940,Completed,6,0.0000000,0.0000000
32.960,Completed,6,0.0000000,0.0000000
32.980,Completed,6,0.0000000,0.0000000
33.000,Completed,6,0.0000000,0.0000000
33.020,Completed,6,0.0000000,0.0000000
33.040,Completed,6,0.0000000,0.0000000
33.060,Completed,6,0.0000000,0.0000000
33.080,Completed,6,0.0000000,0.0000000
33.100,Completed,6,0.0000000,0.0000000
33.120,Completed,6,0.0000000,0.0000000
33.140,Completed,6,0.0000000,0.0000000
33.160,Completed,6,0.0000000,0.0000000
33.180,Completed,6,0.0000000,0.0000000
33.200,Completed,6,0.0000000,0.0000000
33.220,Completed,6,0.0000000,0.0000000
33.240,Completed,6,0.0000000,0.0000000
33.260,Completed,6,0.0000000,0.0000000
33.280,Completed,6,0.0000000,0.0000000
33.300,Completed,6,0.0000000,0.0000000
33.320,Completed,6,0.0000000,0.0000000
33.340,Completed,6,0.0000000,0.0000000
33.360,Completed,6,0.0000000,0.0000000
33.380,Completed,6,0.0000000,0.0000000
33.400,Completed,6,0.0000000,0.0000000
33.420,Completed,6,0.0000000,0.0000000
33.440,Completed,6,0.0000000,0.0000000
33.460,Completed,6,0.0000000,0.0000000
33.480,Completed,6,0.0000000,0.0000000
33.500,Completed,6,0.0000000,0.0000000
33.520,Completed,6,0.0000000,0.0000000
33.540,Completed,6,0.0000000,0.0000000
33.560,Completed,6,0.0000000,0.0000000
33.580,Completed,6,0.0000000,0.0000000
33.600,Completed,6,0.0000000,0.0000000
33.620,Completed,6,0.0000000,0.0000000
33.640,Completed,6,0.0000000,0.0000000
33.660,Completed,6,0.0000000,0.0000000
33.680,Completed,6,0.0000000,0.0000000
33.700,Completed,6,0.0000000,0.0000000
33.720,Completed,6,0.0000000,0.0000000
33.740,Completed,6,0.0000000,0.0000000
33.760,Completed,6,0.0000000,0.0000000
33.780,Completed,6,0.0000000,0.0000000
33.800,Completed,6,0.0000000,0.0000000
33.820,Completed,6,0.0000000,0.0000000
33.840,Completed,6,0.0000000,0.0000000
33.860,Completed,6,0.0000000,0.0000000
33.880,Completed,6,0.0000000,0.0000000
33.900,Completed,6,0.0000000,0.0000000
33.920,Completed,6,0.0000000,0.0000000
33.940,Completed,6,0.0000000,0.0000000
33.960,Completed,6,0.0000000,0.0000000
33.980,Completed,6,0.0000000,0.0000000
34.000,Completed,6,0.0000000,0.0000000
34.020,Completed,6,0.0000000,0.0000000
34.040,Completed,6,0.0000000,0.0000000
34.060,Completed,6,0.0000000,0.0000000
34.080,Completed,6,0.0000000,0.0000000
34.100,Completed,6,0.0000000,0.0000000
34.120,Completed,6,0.0000000,0.0000000
34.140,Completed,6,0.0000000,0.0000000
34.160,Completed,6,0.0000000,0.0000000
34.180,Completed,6,0.0000000,0.0000000
34.200,Completed,6,0.0000000,0.0000000
34.220,Completed,6,0.0000000,0.0000000
34.240,Completed,6,0.0000000,0.0000000
34.260,Completed,6,0.0000000,0.0000000
34.280,Completed,6,0.0000000,0.0000000
34.300,Completed,6,0.0000000,0.0000000
34.320,Completed,6,0.0000000,0.0000000
34.340,Completed,6,0.0000000,0.0000000
34.360,Completed,6,0.0000000,0.0000000
34.380,Completed,6,0.0000000,0.0000000
34.400,Completed,6,0.0000000,0.0000000
34.420,Completed,6,0.0000000,0.0000000
34.440,Completed,6,0.0000000,0.0000000
34.460,Completed,6,0.0000000,0.0000000
34.480,Completed,6,0.0000000,0.0000000
34.500,Completed,6,0.0000000,0.0000000
34.520,Completed,6,0.0000000,0.0000000
34.540,Completed,6,0.0000000,0.0000000
34.560,Completed,6,0.0000000,0.0000000
34.580,Completed,6,0.0000000,0.0000000
34.600,Completed,6,0.0000000,0.0000000
34.620,Completed,6,0.0000000,0.0000000
34.640,Completed,6,0.0000000,0.0000000
34.660,Completed,6,0.0000000,0.0000000
34.680,Completed,6,0.0000000,0.0000000
34.700,Completed,6,0.0000000,0.0000000
34.720,Completed,6,0.0000000,0.0000000
34.740,Completed,6,0.0000000,0.0000000
34.760,Completed,6,0.0000000,0.0000000
34.780,Completed,6,0.0000000,0.0000000
34.800,Completed,6,0.0000000,0.0000000
34.820,Completed,6,0.0000000,0.0000000
34.840,Completed,6,0.0000000,0.0000000
34.860,Completed,6,0.0000000,0.0000000
34.880,Completed,6,0.0000000,0.0000000
34.900,Completed,6,0.0000000,0.0000000
34.920,Completed,6,0.0000000,0.0000000
34.940,Completed,6,0.0000000,0.0000000
34.960,Completed,6,0.0000000,0.0000000
34.980,Completed,6,0.0000000,0.0000000
35.000,Completed,6,0.0000000,0.0000000
35.020,Completed,6,0.0000000,0.0000000
35.040,Completed,6,0.0000000,0.0000000
35.060,Completed,6,0.0000000,0.0000000
35.080,Completed,6,0.0000000,0.0000000
35.100,Completed,6,0.0000000,0.0000000
35.120,Completed,6,0.0000000,0.0000000
35.140,Completed,6,0.0000000,0.0000000
35.160,Completed,6,0.0000000,0.0000000
35.180,Completed,6,0.0000000,0.0000000
35.200,Completed,6,0.0000000,0.0000000
35.220,Completed,6,0.0000000,0.0000000
35.240,Completed,6,0.0000000,0.0000000
35.260,Completed,6,0.0000000,0.0000000
35.280,Completed,6,0.0000000,0.0000000
35.300,Completed,6,0.0000000,0.0000000
35.320,Completed,6,0.0000000,0.0000000
35.340,Completed,6,0.0000000,0.0000000
35.360,Completed,6,0.0000000,0.0000000
35.380,Completed,6,0.0000000,0.0000000
35.400,Completed,6,0.0000000,0.0000000
35.420,Completed,6,0.0000000,0.0000000
35.440,Completed,6,0.0000000,0.0000000
35.460,Completed,6,0.0000000,0.0000000
35.480,Completed,6,0.0000000,0.0000000
35.500,Completed,6,0.0000000,0.0000000
35.520,Completed,6,0.0000000,0.0000000
35.540,Completed,6,0.0000000,0.0000000
35.560,Completed,6,0.0000000,0.0000000
35.580,Completed,6,0.0000000,0.0000000
35.600,Completed,6,0.0000000,0.0000000
35.620,Completed,6,0.0000000,0.0000000
35.640,Completed,6,0.0000000,0.0000000
35.660,Completed,6,0.0000000,0.0000000
35.680,Completed,6,0.0000000,0.0000000
35.700,Completed,6,0.0000000,0.0000000
35.720,Completed,6,0.0000000,0.0000000
35.740,Completed,6,0.0000000,0.0000000
35.760,Completed,6,0.0000000,0.0000000
35.780,Completed,6,0.0000000,0.0000000
35.800,Completed,6,0.0000000,0.0000000
35.820,Completed,6,0.0000000,0.0000000
35.840,Completed,6,0.0000000,0.0000000
35.860,Completed,6,0.0000000,0.0000000
35.880,Completed,6,0.0000000,0.0000000
35.900,Completed,6,0.0000000,0.0000000
35.920,Completed,6,0.0000000,0.0000000
35.940,Completed,6,0.0000000,0.0000000
35.960,Completed,6,0.0000000,0.0000000
35.980,Completed,6,0.0000000,0.0000000
36.000,Completed,6,0.0000000,0.0000000
36.020,Completed,6,0.0000000,0.0000000
36.040,Completed,6,0.0000000,0.0000000
36.060,Completed,6,0.0000000,0.0000000
36.080,Completed,6,0.0000000,0.0000000
36.100,Completed,6,0.0000000,0.0000000
36.120,Completed,6,0.0000000,0.0000000
36.140,Completed,6,0.0000000,0.0000000
36.160,Completed,6,0.0000000,0.0000000
36.180,Completed,6,0.0000000,0.0000000
36.200,Completed,6,0.0000000,0.0000000
36.220,Completed,6,0.0000000,0.0000000
36.240,Completed,6,0.0000000,0.0000000
36.260,Completed,6,0.0000000,0.0000000
36.280,Completed,6,0.0000000,0.0000000
36.300,Completed,6,0.0000000,0.0000000
36.320,Completed,6,0.0000000,0.0000000
36.340,Completed,6,0.0000000,0.0000000
36.360,Completed,6,0.0000000,0.0000000
36.380,Completed,6,0.0000000,0.0000000
36.400,Completed,6,0.0000000,0.0000000
36.420,Completed,6,0.0000000,0.0000000
36.440,Completed,6,0.0000000,0.0000000
36.460,Completed,6,0.0000000,0.0000000
36.480,Completed,6,0.0000000,0.0000000
36.500,Completed,6,0.0000000,0.0000000
36.520,Completed,6,0.0000000,0.0000000
36.540,Completed,6,0.0000000,0.0000000
36.560,Completed,6,0.0000000,0.0000000
36.580,Completed,6,0.0000000,0.0000000
36.600,Completed,6,0.0000000,0.0000000
36.620,Completed,6,0.0000000,0.0000000
36.640,Completed,6,0.0000000,0.0000000
36.660,Completed,6,0.0000000,0.0000000
36.680,Completed,6,0.0000000,0.0000000
36.700,Completed,6,0.0000000,0.0000000
36.720,Completed,6,0.0000000,0.0000000
36.740,Completed,6,0.0000000,0.0000000
36.760,Completed,6,0.0000000,0.0000000
36.780,Completed,6,0.0000000,0.0000000
36.800,Completed,6,0.0000000,0.0000000
36.820,Completed,6,0.0000000,0.0000000
36.840,Completed,6,0.0000000,0.0000000
36.860,Completed,6,0.0000000,0.0000000
36.880,Completed,6,0.0000000,0.0000000
36.900,Completed,6,0.0000000,0.0000000
36.920,Completed,6,0.0000000,0.0000000
36.940,Completed,6,0.0000000,0.0000000
36.960,Completed,6,0.0000000,0.0000000
36.980,Completed,6,0.0000000,0.0000000
37.000,Completed,6,0.0000000,0.0000000
37.020,Completed,6,0.0000000,0.0000000
37.040,Completed,6,0.0000000,0.0000000
37.060,Completed,6,0.0000000,0.0000000
37.080,Completed,6,0.0000000,0.0000000
37.100,Completed,6,0.0000000,0.0000000
37.120,Completed,6,0.0000000,0.0000000
37.140,Completed,6,0.0000000,0.0000000
37.160,Completed,6,0.0000000,0.0000000
37.180,Completed,6,0.0000000,0.0000000
37.200,Completed,6,0.0000000,0.0000000
37.220,Completed,6,0.0000000,0.0000000
37.240,Completed,6,0.0000000,0.0000000
37.260,Completed,6,0.0000000,0.0000000
37.280,Completed,6,0.0000000,0.0000000
37.300,Completed,6,0.0000000,0.0000000
37.320,Completed,6,0.0000000,0.0000000
37.340,Completed,6,0.0000000,0.0000000
37.360,Completed,6,0.0000000,0.0000000
37.380,Completed,6,0.0000000,0.0000000
37.400,Completed,6,0.0000000,0.0000000
37.420,Completed,6,0.0000000,0.0000000
37.440,Completed,6,0.0000000,0.0000000
37.460,Completed,6,0.0000000,0.0000000
37.480,Completed,6,0.0000000,0.0000000
37.500,Completed,6,0.0000000,0.0000000
37.520,Completed,6,0.0000000,0.0000000
37.540,Completed,6,0.0000000,0.0000000
37.560,Completed,6,0.0000000,0.0000000
37.580,Completed,6,0.0000000,0.0000000
37.600,Completed,6,0.0000000,0.0000000
37.620,Completed,6,0.0000000,0.0000000
37.640,Completed,6,0.0000000,0.0000000
37.660,Completed,6,0.0000000,0.0000000
37.680,Completed,6,0.0000000,0.0000000
37.700,Completed,6,0.0000000,0.0000000
37.720,Completed,6,0.0000000,0.0000000
37.740,Completed,6,0.0000000,0.0000000
37.760,Completed,6,0.0000000,0.0000000
37.780,Completed,6,0.0000000,0.0000000
37.800,Completed,6,0.0000000,0.0000000
37.820,Completed,6,0.0000000,0.0000000
37.840,Completed,6,0.0000000,0.0000000
37.860,Completed,6,0.0000000,0.0000000
37.880,Completed,6,0.0000000,0.0000000
37.900,Completed,6,0.0000000,0.0000000
37.920,Completed,6,0.0000000,0.0000000
37.940,Completed,6,0.0000000,0.0000000
37.960,Completed,6,0.0000000,0.0000000
37.980,Completed,6,0.0000000,0.0000000
38.000,Completed,6,0.0000000,0.0000000
38.020,Completed,6,0.0000000,0.0000000
38.040,Completed,6,0.0000000,0.0000000
38.060,Completed,6,0.0000000,0.0000000
38.080,Completed,6,0.0000000,0.0000000
38.100,Completed,6,0.0000000,0.0000000
38.120,Completed,6,0.0000000,0.0000000
38.140,Completed,6,0.0000000,0.0000000
38.160,Completed,6,0.0000000,0.0000000
38.180,Completed,6,0.0000000,0.0000000
38.200,Completed,6,0.0000000,0.0000000
38.220,Completed,6,0.0000000,0.0000000
38.240,Completed,6,0.0000000,0.0000000
38.260,Completed,6,0.0000000,0.0000000
38.280,Completed,6,0.0000000,0.0000000
38.300,Completed,6,0.0000000,0.0000000
38.320,Completed,6,0.0000000,0.0000000
38.340,Completed,6,0.0000000,0.0000000
38.360,Completed,6,0.0000000,0.0000000
38.380,Completed,6,0.0000000,0.0000000
38.400,Completed,6,0.0000000,0.0000000
38.420,Completed,6,0.0000000,0.0000000
38.440,Completed,6,0.0000000,0.0000000
38.460,Completed,6,0.0000000,0.0000000
38.480,Completed,6,0.0000000,0.0000000
38.500,Completed,6,0.0000000,0.0000000
38.520,Completed,6,0.0000000,0.0000000
38.540,Completed,6,0.0000000,0.0000000
38.560,Completed,6,0.0000000,0.0000000
38.580,Completed,6,0.0000000,0.0000000
38.600,Completed,6,0.0000000,0.0000000
38.620,Completed,6,0.0000000,0.0000000
38.640,Completed,6,0.0000000,0.0000000
38.660,Completed,6,0.0000000,0.0000000
38.680,Completed,6,0.0000000,0.0000000
38.700,Completed,6,0.0000000,0.0000000
38.720,Completed,6,0.0000000,0.0000000
38.740,Completed,6,0.0000000,0.0000000
38.760,Completed,6,0.0000000,0.0000000
38.780,Completed,6,0.0000000,0.0000000
38.800,Completed,6,0.0000000,0.0000000
38.820,Completed,6,0.0000000,0.0000000
38.840,Completed,6,0.0000000,0.0000000
38.860,Completed,6,0.0000000,0.0000000
38.880,Completed,6,0.0000000,0.0000000
38.900,Completed,6,0.0000000,0.0000000
38.920,Completed,6,0.0000000,0.0000000
38.940,Completed,6,0.0000000,0.0000000
38.960,Completed,6,0.0000000,0.0000000
38.980,Completed,6,0.0000000,0.0000000
39.000,Completed,6,0.0000000,0.0000000
39.020,Completed,6,0.0000000,0.0000000
39.040,Completed,6,0.0000000,0.0000000
39.060,Completed,6,0.0000000,0.0000000
39.080,Completed,6,0.0000000,0.0000000
39.100,Completed,6,0.0000000,0.0000000
39.120,Completed,6,0.0000000,0.0000000
39.140,Completed,6,0.0000000,0.0000000
39.160,Completed,6,0.0000000,0.0000000
39.180,Completed,6,0.0000000,0.0000000
39.200,Completed,6,0.0000000,0.0000000
39.220,Completed,6,0.0000000,0.0000000
39.240,Completed,6,0.0000000,0.0000000
39.260,Completed,6,0.0000000,0.0000000
39.280,Completed,6,0.0000000,0.0000000
39.300,Completed,6,0.0000000,0.0000000
39.320,Completed,6,0.0000000,0.0000000
39.340,Completed,6,0.0000000,0.0000000
39.360,Completed,6,0.0000000,0.0000000
39.380,Completed,6,0.0000000,0.0000000
39.400,Completed,6,0.0000000,0.0000000
39.420,Completed,6,0.0000000,0.0000000
39.440,Completed,6,0.0000000,0.0000000
39.460,Completed,6,0.0000000,0.0000000
39.480,Completed,6,0.0000000,0.0000000
39.500,Completed,6,0.0000000,0.0000000
39.520,Completed,6,0.0000000,0.0000000
39.540,Completed,6,0.0000000,0.0000000
39.560,Completed,6,0.0000000,0.0000000
39.580,Completed,6,0.0000000,0.0000000
39.600,Completed,6,0.0000000,0.0000000
39.620,Completed,6,0.0000000,0.0000000
39.640,Completed,6,0.0000000,0.0000000
39.660,Completed,6,0.0000000,0.0000000
39.680,Completed,6,0.0000000,0.0000000
39.700,Completed,6,0.0000000,0.0000000
39.720,Completed,6,0.0000000,0.0000000
39.740,Completed,6,0.0000000,0.0000000
39.760,Completed,6,0.0000000,0.0000000
39.780,Completed,6,0.0000000,0.0000000
39.800,Completed,6,0.0000000,0.0000000
39.820,Completed,6,0.0000000,0.0000000
39.840,Completed,6,0.0000000,0.0000000
39.860,Completed,6,0.0000000,0.0000000
39.880,Completed,6,0.0000000,0.0000000
39.900,Completed,6,0.0000000,0.0000000
39.920,Completed,6,0.0000000,0.0000000
39.940,Completed,6,0.0000000,0.0000000
39.960,Completed,6,0.0000000,0.0000000
39.980,Completed,6,0.0000000,0.0000000
